strategy_id,createTime,daySaleStrategy,winRate
460876,2026-01-30 14:59:20,50,62.7907
460830,2026-01-30 09:34:03,60,70.3704
460828,2026-01-30 09:24:49,18,58.3333
460736,2026-01-29 21:10:26,2,73.6786
460732,2026-01-29 20:32:07,2,81.4031
460716,2026-01-29 18:36:13,2,81.0458
460702,2026-01-29 15:40:08,2,76.7578
460700,2026-01-29 15:30:04,50,64.4444
460632,2026-01-28 21:57:33,2,74.6224
460600,2026-01-28 18:58:27,2,84.8555
460580,2026-01-28 15:27:00,2,81.9048
460538,2026-01-28 12:32:28,6,99.115
460536,2026-01-28 12:26:17,2,72.4468
460502,2026-01-28 08:47:59,2,80.787
460458,2026-01-28 06:08:16,2,79.6348
460432,2026-01-27 21:47:32,100,82.9268
460340,2026-01-27 13:44:50,2,81.2217
460320,2026-01-27 12:06:35,30,72.9167
460318,2026-01-27 12:02:18,60,65.3846
460148,2026-01-26 21:13:45,2,81.984
460040,2026-01-26 11:08:20,2,83.9849
459950,2026-01-25 21:49:04,30,80.5594
459904,2026-01-25 17:58:29,2,78.5553
459902,2026-01-25 17:35:06,2,79.6348
459894,2026-01-25 15:28:42,2,77.2994
459628,2026-01-24 09:32:00,2,78.4024
459588,2026-01-23 22:17:48,2,65.3986
459584,2026-01-23 22:03:48,15,67.0213
459542,2026-01-23 17:07:00,2,78.4146
459493,2026-01-23 11:53:22,2,73.8854
459483,2026-01-23 10:31:48,2,83.871
459475,2026-01-23 09:15:36,17,67.5676
459373,2026-01-22 20:14:19,2,73.6655
459281,2026-01-22 14:04:35,20,64.7727
459267,2026-01-22 13:15:45,50,55.7143
459227,2026-01-22 08:54:10,2,80.2557
459131,2026-01-21 21:18:20,30,70.0
459119,2026-01-21 20:47:40,2,72.5383
459107,2026-01-21 19:54:21,2,64.0655
459105,2026-01-21 19:41:57,2,63.8699
459103,2026-01-21 19:31:52,2,56.8765
459079,2026-01-21 17:35:54,2,61.2756
459077,2026-01-21 17:35:22,3,60.6494
459073,2026-01-21 17:32:19,20,68.75
459025,2026-01-21 14:26:49,50,79.3478
459021,2026-01-21 14:09:54,30,85.812
459019,2026-01-21 14:02:45,2,76.6075
459009,2026-01-21 13:47:57,2,78.1084
458995,2026-01-21 12:01:54,50,65.7682
458993,2026-01-21 11:46:48,50,67.8756
458987,2026-01-21 11:38:26,50,66.8675
458983,2026-01-21 11:35:55,74,66.6667
458963,2026-01-21 09:13:20,2,77.9459
458903,2026-01-21 00:24:53,7,79.1976
458853,2026-01-20 19:37:19,60,75.8621
458851,2026-01-20 19:24:48,2,77.5135
458839,2026-01-20 17:43:14,2,75.9066
458827,2026-01-20 17:09:47,2,58.137
458697,2026-01-20 00:38:43,2,77.9459
458641,2026-01-19 20:38:00,8,86.4162
458591,2026-01-19 15:51:12,4,84.5966
458509,2026-01-19 10:11:24,1000,100.0
458483,2026-01-19 09:14:59,60,74.1935
458365,2026-01-18 22:50:43,2,81.2232
458333,2026-01-18 19:39:33,2,74.3386
458313,2026-01-18 16:53:00,60,63.6364
458309,2026-01-18 16:42:09,100,78.8732
458299,2026-01-18 15:41:11,30,77.5362
458261,2026-01-18 12:19:56,11,56.691
458247,2026-01-18 09:27:09,8,85.4993
458211,2026-01-17 20:39:44,15,60.0
458119,2026-01-17 01:39:46,2,81.0588
458107,2026-01-17 00:42:21,140,84.6154
458099,2026-01-17 00:28:04,8,81.5534
458095,2026-01-17 00:12:16,2,67.1547
457753,2026-01-15 16:39:18,2,76.3216
457733,2026-01-15 12:43:41,5,99.8512
457711,2026-01-15 10:49:11,2,78.4884
457643,2026-01-15 08:50:58,2,64.7679
457521,2026-01-14 17:22:55,3,98.2434
457323,2026-01-13 23:43:43,38,79.4118
457103,2026-01-12 20:02:42,70,73.0159
457071,2026-01-12 16:22:54,2,81.8236
456827,2026-01-11 17:25:48,2,79.8165
456803,2026-01-11 16:57:50,90,78.9474
456767,2026-01-11 14:36:16,2,78.2544
456719,2026-01-10 22:48:06,5,80.8943
456717,2026-01-10 22:30:06,2,74.2531
456715,2026-01-10 22:21:56,5,84.2326
456711,2026-01-10 21:35:56,6,77.4112
456707,2026-01-10 21:17:17,6,77.4112
456705,2026-01-10 20:52:25,2,78.3529
456671,2026-01-10 13:38:53,2,73.0024
456661,2026-01-10 11:34:34,10,77.7778
456633,2026-01-10 00:44:43,20,71.0526
456625,2026-01-09 22:23:40,90,82.3529
456609,2026-01-09 21:52:22,50,73.913
456605,2026-01-09 21:42:54,50,75.5556
456599,2026-01-09 21:35:01,50,76.5766
456557,2026-01-09 16:24:34,200,95.4545
456545,2026-01-09 15:21:19,500,88.2353
456543,2026-01-09 15:18:38,500,87.7637
456529,2026-01-09 13:14:07,5,95.0439
456465,2026-01-09 08:23:35,2,76.0756
456437,2026-01-09 00:38:50,2,78.227
456303,2026-01-08 12:53:28,60,55.2632
456241,2026-01-08 09:58:42,120,72.7273
456209,2026-01-08 00:57:49,60,78.4946
456181,2026-01-08 00:18:41,2,74.0642
456065,2026-01-07 18:47:16,2,74.3421
456055,2026-01-07 17:32:45,4,99.3719
456011,2026-01-07 11:55:28,2,80.2432
455993,2026-01-07 10:43:02,10,69.8667
455849,2026-01-06 17:13:49,2,76.4019
455835,2026-01-06 15:47:04,2,81.0959
455829,2026-01-06 14:56:20,3,77.261
455687,2026-01-05 22:57:23,60,78.9969
455661,2026-01-05 18:48:32,10,63.2479
455619,2026-01-05 14:17:17,2,77.5744
455617,2026-01-05 14:07:47,2,81.3585
455609,2026-01-05 13:41:15,2,67.3706
455585,2026-01-05 13:16:30,2,79.2237
455579,2026-01-05 13:06:17,3,81.9196
455569,2026-01-05 12:18:15,3,82.0628
455337,2026-01-04 09:11:11,2,79.1667
455315,2026-01-04 08:35:44,200,94.1176
455229,2026-01-03 22:58:57,2,77.2242
455225,2026-01-03 22:25:43,20,73.75
455187,2026-01-03 12:21:52,30,59.6154
455121,2026-01-02 20:58:57,2,71.4859
455119,2026-01-02 20:53:55,2,79.1667
455037,2026-01-02 03:23:45,8,55.9211
455027,2026-01-02 02:30:30,40,82.1429
455025,2026-01-02 02:18:35,30,65.3061
455019,2026-01-02 02:08:04,30,67.3469
455017,2026-01-02 01:52:11,60,65.625
455015,2026-01-02 01:40:55,60,85.0
454927,2026-01-01 11:38:44,2,67.9287
454796,2025-12-31 10:33:35,2,77.2109
454786,2025-12-31 09:19:06,2,79.5775
454656,2025-12-30 22:50:22,3,99.266
454600,2025-12-30 18:20:55,2,78.341
454574,2025-12-30 16:38:13,4,96.4286
454556,2025-12-30 14:34:56,2,60.6765
454530,2025-12-30 11:05:39,2,77.4049
454528,2025-12-30 10:02:01,3,99.6491
454466,2025-12-30 00:54:13,4,99.5471
454460,2025-12-30 00:38:54,2,99.8331
454416,2025-12-29 22:40:11,2,77.3455
454290,2025-12-29 16:55:23,2,76.2611
454136,2025-12-28 21:48:30,2,74.6955
454134,2025-12-28 21:47:20,4,71.0616
454114,2025-12-28 18:48:24,2,77.4436
454060,2025-12-28 09:37:14,70,70.5263
453886,2025-12-27 16:45:25,2,77.4293
453884,2025-12-27 16:21:45,2,75.4039
453810,2025-12-26 23:34:52,56,84.2105
453802,2025-12-26 22:33:23,43,88.0
453800,2025-12-26 22:33:20,2,77.3904
453392,2025-12-24 22:43:46,3,96.9512
453348,2025-12-24 19:36:40,2,78.4314
453328,2025-12-24 16:50:10,2,76.6944
453322,2025-12-24 15:57:07,2,76.6944
453018,2025-12-23 12:40:14,2,76.6249
452926,2025-12-23 00:13:32,15,56.1194
452812,2025-12-22 09:54:32,17,62.963
452696,2025-12-21 16:24:24,4,98.2179
452620,2025-12-20 20:54:43,4,90.6834
452510,2025-12-20 17:50:48,4,99.0054
452506,2025-12-20 17:46:14,4,94.8997
452416,2025-12-20 12:44:12,90,94.7368
452414,2025-12-20 12:28:04,180,73.5849
452402,2025-12-20 11:53:33,50,64.8045
452382,2025-12-20 01:38:15,2,70.3371
452374,2025-12-19 23:43:28,2,79.9465
452362,2025-12-19 21:26:00,2,96.8354
452318,2025-12-19 14:37:10,2,63.7124
452304,2025-12-19 11:45:58,2,77.8364
452204,2025-12-19 05:25:25,2,63.0662
452070,2025-12-18 16:14:11,28,68.4211
452004,2025-12-18 10:16:06,20,57.3171
451988,2025-12-18 09:23:11,90,76.4706
451916,2025-12-18 00:06:06,40,65.5963
451890,2025-12-17 21:24:45,4,98.9592
451844,2025-12-17 16:48:26,40,56.8306
451786,2025-12-17 11:22:45,2,77.2201
451774,2025-12-17 11:15:46,60,60.0
451772,2025-12-17 11:12:59,2,90.8955
451746,2025-12-17 09:16:43,2,79.4311
451648,2025-12-16 22:23:29,5,79.7311
451566,2025-12-16 15:37:26,70,63.3333
451362,2025-12-15 20:11:05,2,82.0
451108,2025-12-14 15:25:42,30,60.958
451086,2025-12-14 07:42:25,2,99.5969
451040,2025-12-13 22:08:04,30,82.161
450836,2025-12-13 10:28:30,5,83.0882
450834,2025-12-13 10:27:12,7,88.015
450822,2025-12-13 07:47:30,5,80.9986
450788,2025-12-12 19:58:20,2,79.25
450766,2025-12-12 16:38:30,2,78.6344
450748,2025-12-12 13:44:57,2,73.6156
450746,2025-12-12 13:21:58,2,74.2188
450744,2025-12-12 13:17:31,2,73.6292
450742,2025-12-12 11:53:54,2,76.8995
450738,2025-12-12 11:51:55,3,74.6713
450676,2025-12-12 00:15:04,2,77.4336
450648,2025-12-11 21:22:28,2,78.6785
450610,2025-12-11 15:43:06,2,77.7027
450592,2025-12-11 13:27:01,2,77.3455
450586,2025-12-11 11:54:44,20,59.0444
450582,2025-12-11 11:50:53,4,75.1617
450580,2025-12-11 11:50:38,25,58.8983
450562,2025-12-11 11:36:11,35,74.0061
450390,2025-12-10 20:50:24,4,73.0285
450142,2025-12-09 21:12:40,90,82.7586
450116,2025-12-09 18:29:48,4,97.8903
450112,2025-12-09 17:52:40,2,66.7732
450044,2025-12-09 14:32:40,2,82.5064
450030,2025-12-09 13:42:08,2,81.335
450008,2025-12-09 10:52:06,2,76.8508
450004,2025-12-09 10:27:31,30,75.0
449994,2025-12-09 09:31:53,2,66.8637
449850,2025-12-08 20:22:37,2,71.663
449808,2025-12-08 15:32:13,2,65.4237
449794,2025-12-08 14:46:46,2,65.139
449792,2025-12-08 14:46:24,2,65.4465
449306,2025-12-06 21:09:42,2,64.959
449292,2025-12-06 17:07:14,360,100.0
449286,2025-12-06 16:58:03,60,55.5556
449276,2025-12-06 16:28:24,360,97.2973
449272,2025-12-06 16:00:28,3,79.9207
449240,2025-12-06 05:21:32,90,75.3846
449222,2025-12-05 22:42:24,2,81.3283
449146,2025-12-05 15:54:47,99,73.3333
448816,2025-12-04 09:17:02,5,83.7181
448644,2025-12-03 20:52:54,2,78.4038
448640,2025-12-03 20:45:32,2,82.3389
448586,2025-12-03 17:30:39,2,86.7485
448580,2025-12-03 17:25:58,2,77.3455
448572,2025-12-03 17:05:31,2,82.7192
448370,2025-12-03 10:56:06,200,96.1538
448322,2025-12-03 09:11:28,30,80.0
448256,2025-12-03 07:23:29,40,77.3585
448230,2025-12-03 00:30:54,150,94.4444
448124,2025-12-02 20:36:34,2,82.9837
448030,2025-12-02 11:27:20,2,85.1142
447942,2025-12-02 08:46:17,4,98.717
447836,2025-12-01 22:34:12,5,84.4111
447816,2025-12-01 21:40:38,2,79.3884
447802,2025-12-01 20:52:08,2,79.805
447734,2025-12-01 17:32:21,4,99.5316
447700,2025-12-01 16:16:07,3,98.9011
447622,2025-12-01 10:54:09,6,99.6933
447620,2025-12-01 10:49:00,4,99.4279
447376,2025-11-30 18:45:15,600,90.9091
447368,2025-11-30 17:35:56,3,100.0
447350,2025-11-30 16:00:54,3,98.2503
447144,2025-11-29 12:42:28,6,99.7812
447136,2025-11-29 11:47:50,5,99.505
447092,2025-11-29 02:04:29,30,65.1163
447020,2025-11-28 19:42:01,2,56.8593
446974,2025-11-28 16:27:40,4,99.8834
446890,2025-11-28 10:17:14,4,99.8768
446888,2025-11-28 10:13:33,4,99.7596
446708,2025-11-27 20:59:10,2,78.3784
446688,2025-11-27 20:18:55,2,65.6551
446682,2025-11-27 19:53:31,2,77.3904
446626,2025-11-27 17:01:13,2,76.7171
446618,2025-11-27 16:43:12,2,81.1659
446592,2025-11-27 15:36:16,2,81.0384
446586,2025-11-27 15:02:29,2,96.4497
446574,2025-11-27 14:27:36,2,99.8405
446510,2025-11-27 11:35:32,2,80.9219
446178,2025-11-26 19:25:53,2,94.994
446158,2025-11-26 18:31:03,2,80.8354
446054,2025-11-26 11:44:30,2,82.9625
446046,2025-11-26 10:33:31,60,79.3651
446042,2025-11-26 09:54:29,70,63.3333
445846,2025-11-25 16:45:09,2,96.1783
445606,2025-11-24 20:55:23,2,82.1473
445588,2025-11-24 19:30:42,60,73.913
445384,2025-11-23 20:43:26,60,82.4324
445190,2025-11-22 13:30:03,2,77.8261
445156,2025-11-22 03:47:14,90,76.4706
445090,2025-11-21 12:51:27,2,73.3246
445012,2025-11-21 02:27:03,15,58.2057
445010,2025-11-21 01:56:27,120,67.9245
444930,2025-11-20 18:27:21,2,78.4146
444898,2025-11-20 17:56:05,2,78.7808
444818,2025-11-20 10:05:29,2,85.3354
444814,2025-11-20 10:04:16,20,74.5455
444802,2025-11-20 09:37:50,2,78.135
444726,2025-11-20 05:05:56,11,60.2359
444576,2025-11-19 11:09:31,2,80.1782
444454,2025-11-18 23:06:48,120,75.0
444336,2025-11-18 11:13:49,2,77.5556
444196,2025-11-17 22:06:29,2,77.4457
444188,2025-11-17 20:42:11,1000,99.2857
444166,2025-11-17 18:31:24,2,78.135
444142,2025-11-17 16:17:52,2,80.5817
443834,2025-11-16 15:43:57,30,63.75
443828,2025-11-16 14:36:36,2,60.6282
443814,2025-11-16 13:34:26,7,98.2759
443788,2025-11-16 10:04:49,120,77.1429
443780,2025-11-16 09:43:24,120,65.9574
443594,2025-11-15 12:18:27,2,98.5604
443376,2025-11-14 14:52:18,2,78.6844
443194,2025-11-13 22:52:51,2,63.6106
443038,2025-11-13 15:53:26,2,76.9912
442922,2025-11-13 09:01:41,5,99.4382
442842,2025-11-13 03:11:52,4,99.7596
442830,2025-11-13 01:24:25,150,63.6364
442790,2025-11-13 00:03:11,90,90.0
442766,2025-11-12 22:59:26,2,82.0722
442754,2025-11-12 22:28:40,2,84.8464
442742,2025-11-12 22:21:30,2,81.1195
442740,2025-11-12 22:20:29,2,84.8464
442686,2025-11-12 19:18:01,2,83.0144
442624,2025-11-12 14:22:50,4,96.6797
442606,2025-11-12 13:40:03,2,74.9164
442414,2025-11-11 22:50:35,2,63.6861
442394,2025-11-11 22:10:48,2,69.5396
442392,2025-11-11 22:01:26,2,69.375
442292,2025-11-11 16:13:35,99,78.0303
442254,2025-11-11 14:43:22,2,63.5506
442250,2025-11-11 14:30:54,2,65.1879
442214,2025-11-11 11:11:35,3,99.3985
442068,2025-11-11 01:35:44,90,80.7692
442060,2025-11-11 01:22:47,30,57.4074
442052,2025-11-11 01:14:56,250,100.0
442040,2025-11-11 01:03:02,18,57.8313
442014,2025-11-11 00:27:41,50,69.3548
441978,2025-11-10 22:09:27,99,71.4286
441524,2025-11-08 20:47:20,2,82.2946
441308,2025-11-07 19:48:32,2,80.8036
441260,2025-11-07 16:28:42,53,68.4211
441196,2025-11-07 11:39:45,76,80.0
441188,2025-11-07 11:11:22,86,72.6316
441186,2025-11-07 10:58:56,20,67.6923
441184,2025-11-07 10:57:44,2,81.0841
441182,2025-11-07 10:55:01,71,77.3913
441102,2025-11-07 01:43:24,120,60.3175
441072,2025-11-07 00:42:52,2,71.5343
441068,2025-11-07 00:19:13,2,66.0342
441048,2025-11-06 22:58:35,2,80.0481
441038,2025-11-06 21:50:10,2,77.9295
441004,2025-11-06 18:47:24,3,99.3528
440946,2025-11-06 15:49:41,5,58.4362
440914,2025-11-06 14:24:33,2,78.8235
440736,2025-11-06 00:36:05,2,76.7171
440644,2025-11-05 17:04:31,2,60.787
440616,2025-11-05 14:41:08,2,77.8902
440606,2025-11-05 12:03:33,120,76.2712
440572,2025-11-05 08:28:09,2,79.1606
440364,2025-11-04 12:35:19,2,63.1399
440160,2025-11-03 12:20:49,2,63.0508
440114,2025-11-03 08:55:34,90,81.25
440092,2025-11-03 08:19:30,2,63.1468
439976,2025-11-02 16:02:44,2,62.8539
439964,2025-11-02 15:42:09,70,71.875
439588,2025-10-31 10:52:15,10,82.7512
438710,2025-10-28 16:45:07,2,81.0775
438708,2025-10-28 16:41:28,2,81.3443
438568,2025-10-28 03:22:03,2,81.0142
438516,2025-10-27 23:22:08,2,59.6447
438512,2025-10-27 23:06:14,7,85.9396
438506,2025-10-27 22:57:51,10,86.5508
438502,2025-10-27 22:48:55,35,86.9432
438298,2025-10-27 09:48:09,35,85.2761
438222,2025-10-27 00:17:57,6,63.8889
438180,2025-10-26 22:57:59,35,83.1325
437998,2025-10-26 11:25:29,2,97.5723
437864,2025-10-25 14:13:02,2,56.8969
437822,2025-10-25 11:16:18,3,79.52
437760,2025-10-24 23:17:00,2,61.6427
437694,2025-10-24 18:17:50,3,76.6544
437526,2025-10-24 00:00:17,7,71.8382
437316,2025-10-23 13:56:20,2,57.4167
437284,2025-10-23 10:41:26,2,80.8717
437274,2025-10-23 10:31:21,2,80.5031
437046,2025-10-22 19:20:15,20,73.4375
436942,2025-10-22 13:58:15,2,81.0596
436884,2025-10-22 09:50:03,5,99.5726
436812,2025-10-22 05:36:19,2,80.6742
436604,2025-10-21 15:36:31,6,62.3016
436592,2025-10-21 14:32:25,20,74.8344
436578,2025-10-21 13:36:25,2,78.2313
436548,2025-10-21 11:01:31,2,63.9324
436492,2025-10-21 09:06:37,20,63.4921
436314,2025-10-20 16:28:26,90,85.7143
436312,2025-10-20 16:27:49,2,80.5066
436236,2025-10-20 13:08:46,2,78.0576
436226,2025-10-20 12:45:37,2,64.7676
436218,2025-10-20 12:32:04,8,60.2273
436194,2025-10-20 11:22:06,90,79.5918
436186,2025-10-20 11:01:15,2,79.4842
436178,2025-10-20 10:45:40,4,61.6314
436148,2025-10-20 10:03:19,2,99.8308
436052,2025-10-19 23:23:56,2,77.3438
436042,2025-10-19 23:01:23,3,98.893
435998,2025-10-19 21:18:27,20,64.2857
435956,2025-10-19 16:51:29,6,63.2812
435950,2025-10-19 15:42:22,6,64.0316
435882,2025-10-19 00:33:30,60,62.3705
435860,2025-10-18 19:37:21,2,78.2201
435712,2025-10-18 09:36:29,5,57.6052
435682,2025-10-18 00:46:14,2,80.732
435614,2025-10-17 17:41:11,2,77.5785
435492,2025-10-17 10:48:05,2,79.5587
435448,2025-10-17 08:40:08,2,81.3199
435206,2025-10-16 17:32:51,3,84.9462
435054,2025-10-16 11:03:07,2,79.5222
435018,2025-10-16 09:07:08,2,83.9572
434944,2025-10-16 00:40:01,15,72.3077
434910,2025-10-15 22:50:50,32,81.3511
434886,2025-10-15 20:04:44,90,69.4268
434860,2025-10-15 16:46:12,30,86.9757
434718,2025-10-15 09:23:58,10,82.808
434556,2025-10-14 22:36:42,2,82.9337
434496,2025-10-14 16:57:44,16,62.5
434346,2025-10-13 22:40:14,2,81.6754
434334,2025-10-13 20:54:37,2,82.4691
434164,2025-10-12 22:50:30,2,75.2759
434162,2025-10-12 22:47:18,2,72.949
434148,2025-10-12 22:16:22,2,75.9465
434104,2025-10-12 16:47:40,3,80.0
433990,2025-10-11 16:05:41,2,81.4978
433742,2025-10-10 16:56:50,3,98.022
433402,2025-10-08 23:19:15,2,78.5558
433398,2025-10-08 22:16:00,2,81.1096
433396,2025-10-08 22:03:04,35,64.8649
433392,2025-10-08 21:41:27,2,76.8293
433354,2025-10-08 19:48:54,10,81.0853
433222,2025-10-06 23:16:09,2,80.4348
433216,2025-10-06 22:56:29,2,79.5265
433066,2025-10-04 22:10:14,2,80.0472
433024,2025-10-04 15:16:17,2,79.9296
432998,2025-10-04 11:08:41,3,79.8111
432892,2025-10-02 19:45:57,4,93.8689
432884,2025-10-02 16:47:24,20,76.6234
432496,2025-09-29 23:48:52,10,57.3506
432422,2025-09-29 15:33:36,2,98.4405
432406,2025-09-29 14:37:19,3,99.6109
432110,2025-09-27 19:13:30,4,84.1248
432084,2025-09-27 18:13:47,7,83.7524
432026,2025-09-27 12:00:09,4,85.5134
431932,2025-09-26 15:16:41,10,100.0
431928,2025-09-26 15:15:46,9,99.1228
431924,2025-09-26 15:14:51,10,100.0
431922,2025-09-26 15:14:18,10,100.0
431920,2025-09-26 15:02:44,10,89.8438
431742,2025-09-25 21:53:04,2,67.0538
431676,2025-09-25 18:27:57,60,72.4138
431652,2025-09-25 17:20:37,3,99.7636
431558,2025-09-25 09:04:30,3,97.9592
431556,2025-09-25 09:04:13,4,100.0
431548,2025-09-25 09:03:19,2,96.784
431542,2025-09-25 09:02:20,3,100.0
431534,2025-09-25 09:00:55,2,92.9487
431396,2025-09-24 16:32:53,2,76.8576
431358,2025-09-24 15:35:53,2,79.659
431244,2025-09-24 08:51:41,65,69.1176
430978,2025-09-22 22:16:03,2,63.1802
430976,2025-09-22 22:08:20,2,78.643
430894,2025-09-22 17:27:20,2,65.2542
430642,2025-09-21 16:39:13,2,79.3841
430350,2025-09-20 09:58:48,7,99.0208
430340,2025-09-20 08:32:36,2,75.8688
429956,2025-09-18 14:27:42,2,99.8724
429906,2025-09-18 08:57:18,720,87.5
429754,2025-09-17 17:05:34,2,78.7802
429406,2025-09-15 23:09:16,360,94.7368
429320,2025-09-15 17:09:52,2,78.9474
429318,2025-09-15 16:44:28,4,99.3719
429314,2025-09-15 16:27:35,4,98.717
429312,2025-09-15 16:25:10,4,98.717
429126,2025-09-14 16:29:34,10,67.6923
429018,2025-09-13 23:18:40,2,78.8018
428962,2025-09-13 20:15:05,20,71.6049
428936,2025-09-13 18:10:30,17,77.5956
428898,2025-09-13 10:36:50,5,74.489
428736,2025-09-12 15:51:18,2,77.5744
428706,2025-09-12 10:19:41,2,80.1909
428692,2025-09-12 08:52:15,3,97.4758
428560,2025-09-11 21:07:17,15,60.3053
428516,2025-09-11 18:22:43,20,63.4483
428494,2025-09-11 15:27:42,2,79.108
428420,2025-09-11 03:41:02,180,86.6667
428182,2025-09-10 08:54:41,28,73.913
428114,2025-09-10 00:36:44,2,58.2868
428110,2025-09-10 00:16:45,5,81.571
428094,2025-09-09 23:47:57,30,71.6667
428052,2025-09-09 22:40:33,99999,70.0
427964,2025-09-09 15:50:11,5,99.9171
427954,2025-09-09 15:03:26,2,78.7037
427950,2025-09-09 14:00:18,2,83.6493
427856,2025-09-08 23:10:41,2,72.954
427838,2025-09-08 21:08:00,2,84.264
427810,2025-09-08 17:57:21,5,72.5794
427800,2025-09-08 16:51:14,2,82.7051
427798,2025-09-08 16:47:25,2,83.1169
427450,2025-09-06 19:27:14,35,60.4396
427394,2025-09-06 02:26:13,5,96.5788
427028,2025-09-03 15:10:37,30,64.9351
426430,2025-08-31 17:31:52,180,88.5714
426416,2025-08-31 15:26:47,38,66.6667
426388,2025-08-31 13:06:10,3,99.2392
426126,2025-08-29 17:28:04,8,60.8939
426112,2025-08-29 16:17:28,2,77.8027
426064,2025-08-29 11:35:55,2,90.5344
426056,2025-08-29 11:27:47,3,81.6916
426054,2025-08-29 11:25:16,2,89.8551
426050,2025-08-29 11:22:19,2,93.361
426044,2025-08-29 11:18:31,2,95.4787
426042,2025-08-29 11:14:33,3,98.5866
426002,2025-08-29 07:54:56,3,98.8029
425712,2025-08-27 11:08:34,2,57.5926
425598,2025-08-26 20:59:34,2,98.4456
425498,2025-08-26 12:06:55,30,56.0606
425482,2025-08-26 11:33:26,30,66.8246
425422,2025-08-26 00:25:29,90,66.6667
425420,2025-08-26 00:24:02,150,88.8889
425172,2025-08-24 12:58:11,40,85.1064
425168,2025-08-24 12:51:49,40,77.4194
425118,2025-08-23 23:03:05,250,84.3137
425106,2025-08-23 20:06:51,8,65.0794
424950,2025-08-22 23:11:23,240,84.507
424926,2025-08-22 22:42:57,360,84.5238
424848,2025-08-22 14:07:38,3,97.5983
424702,2025-08-21 15:01:05,2,64.8997
424500,2025-08-20 16:19:18,60,86.8421
424416,2025-08-20 10:47:40,20,62.1622
424298,2025-08-19 19:28:51,90,88.8889
424208,2025-08-19 10:48:14,2,84.8066
424122,2025-08-18 21:28:20,20,68.6567
424106,2025-08-18 16:52:20,2,77.551
424072,2025-08-18 10:44:40,5,84.2326
424066,2025-08-18 10:28:30,5,82.4645
424010,2025-08-15 15:52:04,9,98.7705
423886,2025-08-15 00:37:23,90,75.0
423876,2025-08-15 00:14:06,3,100.0
423810,2025-08-14 17:55:53,2,79.805
423624,2025-08-13 21:58:03,2,82.3389
423576,2025-08-13 18:32:53,2,79.1293
423574,2025-08-13 18:25:40,360,92.3077
423562,2025-08-13 17:09:54,2,80.0995
423518,2025-08-13 11:13:04,2,78.9216
423436,2025-08-12 19:37:15,3,79.2771
423302,2025-08-12 00:26:28,2,81.4118
423256,2025-08-11 17:07:30,2,80.3342
423240,2025-08-11 16:16:31,80,59.5745
423212,2025-08-11 12:13:16,2,81.4118
423194,2025-08-11 10:46:08,2,83.1818
423176,2025-08-11 09:17:16,14,58.4229
423140,2025-08-10 21:28:34,2,84.0476
423018,2025-08-10 11:44:11,10,61.1511
423008,2025-08-10 10:15:48,35,77.2727
422940,2025-08-09 23:50:12,2,86.3184
422932,2025-08-09 22:45:06,2,86.5014
422814,2025-08-08 22:41:35,3,78.972
422790,2025-08-08 19:30:40,2,80.897
422780,2025-08-08 17:37:48,2,75.1131
422776,2025-08-08 17:14:33,2,79.849
422726,2025-08-08 14:49:46,10,55.3846
422720,2025-08-08 14:38:32,365,79.4118
422672,2025-08-08 10:08:44,2,82.0796
422648,2025-08-08 08:16:10,2,76.1594
422640,2025-08-08 01:18:00,2,83.0626
422624,2025-08-07 23:12:37,2,80.3571
422612,2025-08-07 22:21:48,60,91.4286
422550,2025-08-07 16:19:34,5,69.8603
422462,2025-08-07 10:18:13,150,82.0513
422432,2025-08-07 04:40:30,2,76.3402
422068,2025-08-05 17:50:00,15,65.2174
421910,2025-08-04 19:32:45,5,96.6502
421806,2025-08-04 02:05:06,360,91.2162
421726,2025-08-03 21:27:57,30,73.6842
421704,2025-08-03 20:13:44,3,81.7746
421702,2025-08-03 20:10:21,3,80.3922
421696,2025-08-03 18:58:56,2,78.4024
421690,2025-08-03 17:43:45,15,59.0389
421684,2025-08-03 16:39:32,20,56.6524
421674,2025-08-03 15:54:08,2,80.3571
421512,2025-08-02 22:27:28,60,63.8298
421456,2025-08-02 16:22:52,200,56.7568
420962,2025-07-30 14:14:17,120,94.0
420954,2025-07-30 13:59:44,18,58.0247
420854,2025-07-29 21:38:50,3,88.7722
420716,2025-07-29 09:14:06,2,76.2898
420630,2025-07-28 13:51:08,14,60.1653
420570,2025-07-28 01:42:15,35,67.9245
420476,2025-07-27 19:45:54,2,77.3455
420272,2025-07-26 15:47:25,2,98.1771
420222,2025-07-26 11:56:48,10,82.2581
420186,2025-07-25 23:34:31,3,58.5329
420166,2025-07-25 21:13:17,3,98.1763
420056,2025-07-25 10:00:38,2,91.0217
420052,2025-07-25 09:58:10,2,79.6321
420050,2025-07-25 09:56:40,50,69.3548
420042,2025-07-25 09:47:01,50,69.3548
420020,2025-07-25 08:55:45,60,64.5
420004,2025-07-25 07:32:59,18,57.8313
419968,2025-07-24 23:48:33,2,82.4795
419712,2025-07-23 14:53:18,2,82.2439
419682,2025-07-23 12:25:34,33,55.3191
419354,2025-07-21 22:27:26,134,73.3333
419322,2025-07-21 17:31:50,3,76.9976
419244,2025-07-21 09:23:42,2,76.5755
419212,2025-07-21 00:28:42,5,84.4111
419098,2025-07-20 15:39:50,3,96.6698
419002,2025-07-19 23:46:17,2,95.1299
418990,2025-07-19 21:12:24,2,70.7476
418986,2025-07-19 21:09:54,2,81.054
418782,2025-07-18 15:49:00,19,56.25
418730,2025-07-18 10:47:07,4,84.9153
418656,2025-07-17 22:20:45,2,84.1481
418594,2025-07-17 16:25:55,250,73.9535
418534,2025-07-17 11:00:41,2,94.8052
418528,2025-07-17 10:58:07,30,69.0647
418442,2025-07-17 04:41:28,2,81.0409
418386,2025-07-16 18:24:17,3,79.2035
418324,2025-07-16 10:57:49,2,76.3021
417954,2025-07-14 15:51:05,90,73.9362
417920,2025-07-14 10:41:55,2,74.6584
417918,2025-07-14 10:32:10,2,73.5005
417838,2025-07-13 20:02:41,2,73.4628
417734,2025-07-13 14:26:10,5,57.7869
417728,2025-07-13 13:51:04,2,78.0727
417294,2025-07-10 22:52:49,120,81.25
417256,2025-07-10 20:48:24,39,60.0
417162,2025-07-10 08:01:57,50,64.7059
417092,2025-07-09 23:06:54,2,79.0141
416948,2025-07-09 10:35:11,2,77.8476
416826,2025-07-08 22:06:40,2,85.1964
416736,2025-07-08 16:38:50,3,98.5207
416656,2025-07-08 11:48:20,60,61.6529
416388,2025-07-07 10:39:55,2,73.0769
416258,2025-07-06 19:27:51,90,81.25
416222,2025-07-06 16:50:34,2,78.2544
416202,2025-07-06 16:19:25,2,74.359
416094,2025-07-05 23:45:50,2,75.8382
415818,2025-07-05 16:09:20,100,80.9524
415788,2025-07-05 13:30:38,33,63.3333
415648,2025-07-04 16:49:55,500,95.2381
415646,2025-07-04 16:34:39,9,56.1776
415644,2025-07-04 16:33:01,9,59.8039
415638,2025-07-04 14:41:35,30,75.0
415610,2025-07-04 11:44:48,2,99.3865
415594,2025-07-04 10:51:07,2,77.5
415586,2025-07-04 10:45:54,2,65.7208
415532,2025-07-04 08:58:30,15,56.5657
415472,2025-07-03 22:10:29,70,65.0
415380,2025-07-03 15:46:54,8,73.8636
415376,2025-07-03 15:34:25,300,69.4444
415100,2025-07-02 15:31:37,5,96.8619
414906,2025-07-01 14:45:53,60,65.4545
414790,2025-07-01 03:25:03,4,80.1661
414748,2025-06-30 23:26:26,4,95.7844
414718,2025-06-30 20:22:44,5,72.7273
414598,2025-06-30 04:27:40,2,75.4274
414596,2025-06-30 03:59:56,5,72.9323
414480,2025-06-29 01:38:16,6,57.6744
414452,2025-06-28 20:42:13,120,86.6667
414448,2025-06-28 20:19:25,5,99.631
414382,2025-06-28 14:33:38,14,59.7222
414370,2025-06-28 13:04:37,8,100.0
414298,2025-06-27 19:18:07,5,99.5624
414144,2025-06-27 11:03:27,2,73.9857
414066,2025-06-27 02:55:04,40,83.3333
414048,2025-06-26 22:41:28,14,60.2941
414040,2025-06-26 22:19:25,40,93.75
414036,2025-06-26 22:11:43,40,93.75
413988,2025-06-26 17:34:41,14,63.4483
413928,2025-06-26 11:23:34,40,87.5
413832,2025-06-25 23:02:03,2,80.2784
413778,2025-06-25 14:33:04,15,72.3077
413646,2025-06-24 23:13:07,2,84.4444
413590,2025-06-24 14:34:22,2,75.6805
413578,2025-06-24 14:07:39,2,78.733
413440,2025-06-24 00:49:08,5,71.7557
413438,2025-06-24 00:29:13,250,96.875
413422,2025-06-23 23:32:19,360,91.3043
413392,2025-06-23 23:01:35,3,95.8433
413372,2025-06-23 22:19:53,60,63.6637
413288,2025-06-23 14:42:57,2,92.0648
413100,2025-06-22 22:46:39,150,79.5082
413086,2025-06-22 22:15:05,2,62.2472
413062,2025-06-22 20:12:48,150,74.7899
412996,2025-06-22 16:21:30,60,58.3333
412910,2025-06-22 11:20:34,3,98.9011
412744,2025-06-20 21:27:19,2,72.956
412742,2025-06-20 21:10:36,2,77.0655
412740,2025-06-20 21:06:35,2,76.096
412736,2025-06-20 20:53:11,2,77.5751
412732,2025-06-20 20:45:43,2,75.4047
412724,2025-06-20 20:25:58,2,74.831
412716,2025-06-20 18:47:19,3,94.5848
412664,2025-06-20 13:46:04,2,74.0659
412660,2025-06-20 13:23:44,2,69.8225
412658,2025-06-20 12:50:43,250,100.0
412646,2025-06-20 11:36:35,20,56.4935
412642,2025-06-20 10:45:46,3,73.2374
412480,2025-06-19 14:32:46,8,57.4324
412478,2025-06-19 14:28:10,180,88.2353
412476,2025-06-19 14:20:50,73,80.0
412468,2025-06-19 14:07:14,120,82.6087
412114,2025-06-17 23:55:26,3,72.6891
411874,2025-06-16 20:26:35,10,66.8508
411846,2025-06-16 16:47:27,2,76.7528
411754,2025-06-16 13:10:00,200,70.8812
411684,2025-06-16 02:25:09,240,59.1398
411640,2025-06-15 20:50:06,2,81.9119
411632,2025-06-15 17:43:44,2,82.4769
411570,2025-06-14 18:44:16,2,77.186
411450,2025-06-13 20:37:48,30,72.7273
411404,2025-06-13 13:58:02,180,89.6104
411244,2025-06-12 18:52:11,250,90.0
411160,2025-06-12 11:57:20,2,85.3333
411092,2025-06-12 00:36:57,200,83.4951
410858,2025-06-11 00:27:31,2,85.1064
410770,2025-06-10 10:38:06,2,82.7131
410676,2025-06-09 22:55:19,2,87.6751
410674,2025-06-09 22:04:11,200,83.9416
410570,2025-06-09 14:03:30,2,81.7352
410304,2025-06-08 12:26:45,2,81.4087
410272,2025-06-08 02:32:43,10,57.1984
410136,2025-06-07 09:25:22,3,96.7089
410076,2025-06-06 09:14:09,3,91.2117
409904,2025-06-05 16:07:49,2,92.9487
409712,2025-06-04 18:15:38,2,68.4987
409544,2025-06-03 22:18:19,2,66.6245
409498,2025-06-03 17:43:51,2,68.7384
409294,2025-06-02 18:05:18,5,78.9381
409292,2025-06-02 17:51:58,5,75.3383
409122,2025-06-01 17:40:17,5,61.6058
408890,2025-05-30 13:00:11,90,80.7692
408878,2025-05-30 11:07:17,2,98.2374
408876,2025-05-30 11:06:15,3,97.8992
408868,2025-05-30 10:47:44,2,71.7865
408856,2025-05-30 09:16:00,2,97.4551
408762,2025-05-29 21:24:01,2,70.7743
408760,2025-05-29 21:06:58,2,97.6492
408686,2025-05-29 10:11:24,2,80.6977
408530,2025-05-28 14:49:02,5,98.4579
408494,2025-05-28 10:13:08,2,76.6795
408392,2025-05-27 21:49:49,2,75.3456
408390,2025-05-27 21:42:26,8,57.7143
408354,2025-05-27 18:12:39,240,74.1935
408308,2025-05-27 13:56:01,2,78.733
408254,2025-05-27 11:09:53,80,80.0
408116,2025-05-26 22:44:04,100,74.0741
408080,2025-05-26 14:28:01,2,63.7813
408020,2025-05-26 01:49:12,2,64.648
407900,2025-05-25 14:35:33,5,72.0219
407848,2025-05-25 03:00:25,2,76.6795
407808,2025-05-24 20:23:05,6,57.3265
407734,2025-05-24 15:52:47,2,68.7651
407558,2025-05-23 15:23:32,2,68.6614
407310,2025-05-22 15:23:26,2,64.751
407242,2025-05-22 09:08:37,2,67.6399
407220,2025-05-22 05:55:36,120,73.913
407200,2025-05-21 23:07:29,200,85.0575
407120,2025-05-21 17:22:02,240,85.7143
406788,2025-05-19 15:43:24,2,99.8308
406782,2025-05-19 14:59:15,15,56.6265
406700,2025-05-18 22:53:42,50,58.806
406634,2025-05-18 17:27:59,9,57.7824
406574,2025-05-18 09:03:08,4,99.7596
406498,2025-05-17 15:43:27,270,80.4
406390,2025-05-16 23:58:14,30,65.2263
406388,2025-05-16 23:51:51,30,65.4244
406286,2025-05-16 11:15:06,200,78.7879
405948,2025-05-15 00:07:00,30,63.1579
405946,2025-05-15 00:02:33,180,75.5682
405928,2025-05-14 23:33:50,2,69.9367
405922,2025-05-14 23:24:16,2,81.7575
405760,2025-05-14 11:23:34,3,100.0
405556,2025-05-13 21:17:31,40,65.5844
405520,2025-05-13 16:11:56,3,90.9091
405518,2025-05-13 16:09:44,3,98.6486
405378,2025-05-13 00:08:57,30,59.0164
405328,2025-05-12 21:06:55,280,90.2098
405262,2025-05-12 14:03:28,3,100.0
405160,2025-05-11 23:37:21,3,82.7145
405132,2025-05-11 21:45:36,2,78.3784
405124,2025-05-11 21:00:52,2,76.5605
405118,2025-05-11 20:26:08,3,100.0
405068,2025-05-11 16:23:35,2,76.9283
404942,2025-05-11 08:16:10,170,70.3125
404918,2025-05-10 23:02:08,4,98.3539
404876,2025-05-10 20:21:44,2,72.8302
404872,2025-05-10 20:02:08,6,98.913
404676,2025-05-09 16:46:52,5,63.6704
404632,2025-05-09 13:54:18,5,72.3214
404626,2025-05-09 12:54:35,13,57.4257
404604,2025-05-09 11:02:49,3,98.9011
404600,2025-05-09 10:48:37,4,98.3539
404440,2025-05-08 18:21:57,2,82.2857
404406,2025-05-08 15:52:19,2,81.8501
404404,2025-05-08 15:46:37,2,79.9505
404344,2025-05-08 12:14:08,365,86.4583
404012,2025-05-07 08:51:27,240,81.0219
404002,2025-05-07 08:30:46,400,70.5686
403888,2025-05-06 22:07:40,2,83.0946
403732,2025-05-06 08:48:02,2,79.2175
403458,2025-05-03 19:34:20,12,58.4343
403444,2025-05-03 15:17:33,3,79.2517
403366,2025-05-02 17:41:04,3,71.8593
403318,2025-05-02 14:22:25,3,78.9668
403268,2025-05-02 02:33:30,3,100.0
402998,2025-04-30 22:38:38,2,79.3981
402954,2025-04-30 16:56:56,20,58.7549
402894,2025-04-30 10:46:53,250,100.0
402824,2025-04-30 03:07:29,14,83.3766
402712,2025-04-29 12:53:48,2,82.4
402586,2025-04-28 23:30:33,6,65.6
402498,2025-04-28 14:29:30,3,82.0069
402444,2025-04-28 09:23:11,2,83.4821
402412,2025-04-28 03:28:12,58,63.5714
402292,2025-04-27 09:33:53,4,98.4274
402200,2025-04-26 21:23:53,600,100.0
402198,2025-04-26 21:13:52,2,76.9374
402178,2025-04-26 19:50:54,30,65.1163
402042,2025-04-26 07:43:00,70,62.5
401652,2025-04-24 16:11:52,5,71.7431
401634,2025-04-24 15:37:06,30,66.6667
401574,2025-04-24 12:09:46,3,80.9908
401476,2025-04-23 20:57:08,2,80.4661
401360,2025-04-23 09:29:56,60,62.8571
401276,2025-04-22 22:07:45,2,80.9982
401198,2025-04-22 11:32:39,720,92.2509
401072,2025-04-21 18:05:01,30,64.9351
401064,2025-04-21 17:08:29,2,74.2531
401036,2025-04-21 12:18:18,280,91.5033
400868,2025-04-20 01:53:52,2,80.701
400846,2025-04-20 00:36:27,4,100.0
400800,2025-04-19 20:37:17,2,99.6295
400766,2025-04-19 12:58:42,2000,100.0
400760,2025-04-19 11:11:01,60,87.1711
400754,2025-04-19 10:08:15,2,80.8152
400734,2025-04-19 04:21:05,60,71.4286
400700,2025-04-18 22:53:42,110,59.0909
400640,2025-04-18 17:25:16,150,76.6129
400618,2025-04-18 16:00:55,90,68.8525
400606,2025-04-18 15:26:34,2,74.7234
400450,2025-04-17 22:48:52,18,60.8108
400438,2025-04-17 21:57:28,2,77.9449
400328,2025-04-17 11:10:36,2,80.3571
400250,2025-04-17 07:20:48,15,67.4699
400120,2025-04-16 10:05:43,250,100.0
400100,2025-04-16 08:29:27,600,94.2857
400098,2025-04-16 08:20:19,450,66.6667
400090,2025-04-16 01:53:29,2,80.3991
400080,2025-04-15 23:36:20,18,65.7534
400044,2025-04-15 20:57:36,3,99.6805
400042,2025-04-15 20:48:05,2,76.6026
399866,2025-04-15 00:50:00,2,73.295
399858,2025-04-14 23:45:50,100,73.3333
399842,2025-04-14 22:54:31,120,100.0
399808,2025-04-14 21:10:26,40,60.7843
399744,2025-04-14 13:27:54,3,97.4167
399714,2025-04-14 08:46:09,120,68.9655
399698,2025-04-14 01:45:11,3,96.7635
399654,2025-04-13 21:38:38,4,75.406
399622,2025-04-13 16:24:44,240,94.4444
399526,2025-04-13 01:58:48,2,78.3898
399472,2025-04-12 20:09:42,240,73.4177
399470,2025-04-12 19:49:36,240,82.6087
399464,2025-04-12 19:23:03,8,97.6923
399452,2025-04-12 18:13:10,2,67.7966
399442,2025-04-12 17:21:14,120,75.0
399426,2025-04-12 14:30:22,9,99.1228
399410,2025-04-12 13:35:02,2,67.6471
399358,2025-04-12 10:38:03,2,77.2576
399084,2025-04-10 09:51:51,50,67.5
398788,2025-04-08 13:14:53,2,71.6535
398772,2025-04-08 12:28:56,2,81.2207
398720,2025-04-07 21:14:16,2,79.5382
398362,2025-04-05 01:36:51,90,72.2222
397800,2025-04-01 16:22:32,200,92.8571
397762,2025-04-01 12:45:18,30,63.7255
397690,2025-04-01 00:33:35,2,98.3654
397540,2025-03-31 10:19:34,2,97.9862
397412,2025-03-30 21:47:44,2,78.5348
397400,2025-03-30 21:38:09,360,100.0
397334,2025-03-30 16:56:21,2,79.0957
397308,2025-03-30 13:38:59,2,77.5785
397234,2025-03-30 02:06:40,80,80.0
397022,2025-03-29 12:50:27,18,65.7534
396994,2025-03-29 11:14:09,100,83.3333
396950,2025-03-29 08:38:26,2,98.0444
396742,2025-03-28 23:08:25,2,60.3154
396682,2025-03-28 19:03:49,2,77.0883
396598,2025-03-28 13:40:35,2,97.2846
396466,2025-03-28 02:44:35,2,81.1659
396344,2025-03-27 16:51:03,3,99.9093
396264,2025-03-27 13:11:58,2,60.3316
396228,2025-03-27 12:39:50,2,68.6233
396206,2025-03-27 10:20:23,180,86.3636
396138,2025-03-26 22:57:39,2,82.069
395968,2025-03-26 11:13:38,4,89.3303
395930,2025-03-26 02:40:38,2,83.1818
395684,2025-03-25 00:21:52,18,57.8947
395652,2025-03-24 22:11:00,2,83.8269
395642,2025-03-24 21:27:54,2,69.7828
395632,2025-03-24 21:01:35,2,65.5172
395544,2025-03-24 14:42:55,74,66.6667
395466,2025-03-24 00:19:23,90,60.0
395406,2025-03-23 21:16:08,2,79.7619
395376,2025-03-23 20:25:24,80,65.0
395374,2025-03-23 19:24:52,70,61.1111
395362,2025-03-23 17:56:33,2,98.7342
395262,2025-03-23 07:13:38,2,83.2184
395094,2025-03-22 11:01:53,40,65.5172
395032,2025-03-22 00:18:27,2,84.5103
395010,2025-03-21 23:43:05,5,98.2955
394864,2025-03-21 12:58:19,80,60.0
394834,2025-03-21 09:57:58,2,97.7352
394810,2025-03-21 09:09:55,2,82.6389
394756,2025-03-21 00:14:04,2,83.7587
394742,2025-03-20 23:18:42,2,82.448
394450,2025-03-20 01:35:56,4,68.0068
394446,2025-03-20 01:31:04,5,65.481
394444,2025-03-20 01:25:30,5,67.4603
394440,2025-03-20 00:44:57,2,82.6389
394422,2025-03-19 23:44:17,2,78.9227
394410,2025-03-19 23:17:17,100,61.2903
394406,2025-03-19 23:14:52,2,78.6996
394344,2025-03-19 20:21:57,240,86.3636
394246,2025-03-19 13:48:58,2,81.764
394188,2025-03-19 09:05:40,2,78.6437
394078,2025-03-18 21:13:32,2,72.0478
394074,2025-03-18 20:46:04,180,100.0
394056,2025-03-18 19:02:01,2,77.412
394054,2025-03-18 18:49:13,2,55.7531
393954,2025-03-18 11:20:24,2,63.7532
393772,2025-03-17 22:50:54,60,68.595
393764,2025-03-17 22:14:17,2,98.0444
393756,2025-03-17 21:57:05,3,96.833
393752,2025-03-17 21:37:06,5,96.6502
393548,2025-03-16 22:25:29,2000,100.0
393524,2025-03-16 21:10:20,3,74.1117
393308,2025-03-16 00:06:00,2,78.2135
393304,2025-03-16 00:02:53,2,98.1233
393254,2025-03-15 22:20:22,200,73.3945
393178,2025-03-15 18:10:31,100,78.5714
393126,2025-03-15 14:55:12,2,75.6914
393098,2025-03-15 12:12:44,2,95.3642
393088,2025-03-15 11:36:35,2,99.1329
392942,2025-03-14 20:25:34,2,79.2768
392902,2025-03-14 15:47:46,2,79.4976
392808,2025-03-14 08:42:42,2,76.2622
392716,2025-03-13 22:13:29,2,78.5539
392598,2025-03-13 15:39:04,2,74.5763
392376,2025-03-12 23:23:06,2,81.0384
392370,2025-03-12 23:06:22,2,79.4989
392224,2025-03-12 16:47:18,2,77.7778
392196,2025-03-12 16:00:24,2,75.723
392194,2025-03-12 15:58:53,2,77.7385
391934,2025-03-11 14:48:47,2,74.2721
391720,2025-03-10 22:16:55,2,66.2032
391658,2025-03-10 15:50:40,2,76.1312
391612,2025-03-10 12:05:45,2,99.3048
391522,2025-03-10 07:49:03,200,79.0698
391486,2025-03-09 22:44:52,150,61.7647
391474,2025-03-09 22:32:31,250,71.7391
391462,2025-03-09 21:03:25,11,58.7755
391386,2025-03-09 13:47:14,2,99.8448
391318,2025-03-09 00:16:42,2,73.0313
391288,2025-03-08 22:08:54,2,99.8037
391226,2025-03-08 16:51:00,2,91.0891
391146,2025-03-08 10:43:16,60,61.1765
391074,2025-03-07 21:46:08,800,98.3402
391014,2025-03-07 17:16:15,2,77.3626
390966,2025-03-07 14:21:07,3,95.6522
390828,2025-03-07 00:05:26,2,94.351
390708,2025-03-06 12:01:12,2,77.185
390604,2025-03-06 01:08:26,3,92.5321
390578,2025-03-05 22:40:03,5,70.9156
390494,2025-03-05 11:49:10,2,99.8724
390300,2025-03-04 21:03:08,5,71.3514
390110,2025-03-04 10:10:54,5,71.8693
389958,2025-03-03 17:29:06,2,64.1056
389580,2025-03-02 00:41:38,10,100.0
389574,2025-03-02 00:28:20,3,98.2998
389572,2025-03-02 00:17:47,3,97.6769
389538,2025-03-01 21:54:31,100,78.5714
389536,2025-03-01 21:53:31,120,88.0
389428,2025-03-01 00:44:39,2,66.5004
389358,2025-02-28 17:52:54,5,71.223
389244,2025-02-27 23:15:59,120,86.3636
389228,2025-02-27 22:41:08,30,71.1864
389100,2025-02-27 05:06:59,100000,100.0
388960,2025-02-26 13:28:34,2,64.1487
388950,2025-02-26 11:49:45,90,76.1194
388868,2025-02-26 01:20:56,2,60.3104
388640,2025-02-25 00:05:41,100,70.9402
388564,2025-02-24 11:35:14,81,72.7273
388556,2025-02-24 11:11:46,60,72.7273
388468,2025-02-23 21:05:28,2,99.6734
388138,2025-02-22 00:33:50,720,94.7368
388132,2025-02-21 22:01:47,65,72.2222
388058,2025-02-21 10:40:46,20,71.1712
388016,2025-02-21 08:22:53,120,83.5777
387878,2025-02-20 11:10:53,200,93.1034
387876,2025-02-20 11:09:51,200,90.0
387654,2025-02-19 01:37:16,200,79.0698
387580,2025-02-18 16:14:57,75,66.0377
387484,2025-02-17 23:49:57,13,58.3333
387482,2025-02-17 23:30:37,120,85.1485
387474,2025-02-17 22:43:34,70,76.4706
387338,2025-02-17 00:07:05,66,71.0
387220,2025-02-16 14:32:13,22,61.2137
387192,2025-02-16 13:01:52,250,89.2857
387190,2025-02-16 12:55:59,134,84.6154
387186,2025-02-16 12:48:48,134,76.5957
387184,2025-02-16 12:41:07,134,79.2453
387180,2025-02-16 12:13:14,517,91.6667
387178,2025-02-16 11:45:33,37,58.3333
387160,2025-02-16 11:12:19,500,100.0
387116,2025-02-16 02:38:39,37,58.3333
386870,2025-02-14 21:58:04,3,97.3799
386800,2025-02-14 16:35:41,90,72.0
386796,2025-02-14 15:34:51,30,73.0769
386430,2025-02-12 20:33:25,30,77.5148
386390,2025-02-12 17:01:30,3,97.9592
386242,2025-02-11 19:20:04,9,57.3258
386080,2025-02-10 22:37:33,4,92.6641
385936,2025-02-09 21:43:02,5,95.2919
385928,2025-02-09 21:23:54,2,79.1946
385924,2025-02-09 21:07:46,2,78.5714
385712,2025-02-08 15:05:05,60,70.3704
385686,2025-02-08 11:20:57,240,100.0
385296,2025-02-06 14:30:39,140,80.6452
385110,2025-02-05 16:16:13,1095,83.3333
384826,2025-02-02 22:32:43,22,57.4074
384820,2025-02-02 21:05:36,5,97.3813
384780,2025-02-02 10:37:02,240,94.8718
384774,2025-02-02 10:34:49,100,96.9697
384772,2025-02-02 10:33:14,120,73.3333
384770,2025-02-02 10:31:29,170,75.0
384508,2025-01-28 19:31:04,11,97.0588
384386,2025-01-27 12:11:02,3,83.209
384290,2025-01-26 18:58:29,34,60.8696
384270,2025-01-26 16:41:11,70,77.7778
384036,2025-01-23 23:06:39,3,67.5676
383970,2025-01-23 09:20:41,3,94.3327
383834,2025-01-22 09:59:10,80,69.2308
383334,2025-01-18 00:59:19,25,61.6667
383232,2025-01-17 10:45:02,3,82.8806
383180,2025-01-16 22:27:45,35,68.5714
382854,2025-01-14 17:18:13,20,61.6352
382768,2025-01-13 23:28:07,80,73.3333
382620,2025-01-12 14:18:29,2,96.8468
382400,2025-01-09 18:44:06,120,100.0
382386,2025-01-09 15:42:52,330,100.0
382382,2025-01-09 15:11:37,330,93.75
382336,2025-01-09 10:11:10,60,61.5385
382280,2025-01-09 00:06:53,10,56.8238
382240,2025-01-08 22:14:31,50,65.8537
382008,2025-01-07 13:12:19,450,100.0
381820,2025-01-06 17:12:06,8,58.1081
381816,2025-01-06 16:58:32,50,57.971
381732,2025-01-05 23:56:17,2000,100.0
381634,2025-01-05 17:36:36,21,63.7306
381332,2025-01-03 02:34:27,360,91.9861
381114,2025-01-01 18:28:56,180,85.7143
381110,2025-01-01 18:26:40,180,85.7143
381100,2025-01-01 16:36:08,330,81.25
381088,2025-01-01 16:03:12,2,99.006
380926,2024-12-30 22:21:54,10,59.2
380874,2024-12-30 14:21:36,2,99.3865
380684,2024-12-29 00:57:19,2,92.0076
380424,2024-12-26 21:31:30,6,61.3995
380360,2024-12-26 14:34:32,10,100.0
380210,2024-12-25 16:19:40,3,99.7201
380196,2024-12-25 14:00:21,100,80.0
380182,2024-12-25 11:21:57,3,79.9026
380048,2024-12-24 14:53:46,2000,100.0
379918,2024-12-23 17:24:16,30,57.5342
379898,2024-12-23 15:14:48,15,71.6981
379736,2024-12-22 16:09:01,270,96.0
379698,2024-12-22 11:59:59,250,88.6905
379688,2024-12-22 09:31:35,30,55.7692
379570,2024-12-21 14:21:17,19,59.0909
379538,2024-12-21 10:07:18,8,98.9906
379500,2024-12-20 20:57:23,14,60.2067
379486,2024-12-20 19:31:10,55,64.7059
379464,2024-12-20 14:43:21,30,66.6667
379378,2024-12-20 08:07:37,150,80.2817
379344,2024-12-19 23:04:35,2,73.2225
379342,2024-12-19 23:00:54,2,98.3581
379340,2024-12-19 22:43:54,2,99.1736
379292,2024-12-19 18:45:16,2,93.669
379214,2024-12-19 11:42:11,200,85.6383
379194,2024-12-19 09:59:42,30,58.3333
378792,2024-12-17 08:55:38,30,74.0
378616,2024-12-16 10:28:15,3,98.9011
378572,2024-12-16 02:14:45,4,79.0671
378532,2024-12-15 23:36:03,35,67.9245
378520,2024-12-15 21:56:04,3,98.9011
378494,2024-12-15 17:13:22,8,57.8022
378428,2024-12-14 22:10:33,10,89.8438
378406,2024-12-14 18:15:23,3,98.9011
378260,2024-12-13 14:42:59,10,100.0
378168,2024-12-13 00:18:34,15,60.9195
378074,2024-12-12 13:55:40,2,87.6494
377522,2024-12-08 21:44:01,360,80.0
376620,2024-12-03 15:39:52,250,100.0
376480,2024-12-02 16:48:46,2,96.784
376386,2024-12-02 08:50:31,2,99.6295
376068,2024-11-29 08:34:57,2,99.8724
375778,2024-11-27 04:19:46,4,57.6547
375758,2024-11-26 20:41:49,15,61.4035
375714,2024-11-26 12:46:35,2,78.8761
375702,2024-11-26 12:11:02,20,94.5355
375420,2024-11-24 16:58:44,300,100.0
375400,2024-11-24 14:18:39,10,92.3502
375396,2024-11-24 14:01:31,2,91.0507
375272,2024-11-23 15:21:37,360,93.5484
375270,2024-11-23 15:09:21,10,58.1152
375122,2024-11-21 22:50:23,300,84.7826
375114,2024-11-21 21:52:07,40,62.8571
375074,2024-11-21 12:31:08,15,59.434
374674,2024-11-18 20:18:40,200,95.0
374590,2024-11-18 11:21:10,60,65.3846
374424,2024-11-17 11:29:13,2,96.558
374418,2024-11-17 11:03:36,2,90.8038
374386,2024-11-17 03:27:31,2,97.0395
374052,2024-11-14 04:07:37,15,55.6701
374018,2024-11-13 21:07:35,150,71.4286
373988,2024-11-13 14:02:43,150,88.8889
373842,2024-11-12 11:18:27,150,88.8889
373668,2024-11-10 19:23:32,720,93.5484
373460,2024-11-08 15:59:57,90,72.0588
372910,2024-11-03 12:54:52,300,81.3559
372900,2024-11-03 11:16:11,90,90.0
372878,2024-11-03 00:19:21,200,75.4386
372800,2024-11-02 09:59:25,90,66.6667
372574,2024-10-30 22:55:43,25,58.7302
372192,2024-10-27 22:01:40,90,73.6842
372096,2024-10-27 00:36:27,150,64.1026
372072,2024-10-26 21:19:32,300,77.4194
371974,2024-10-25 16:22:53,90,81.8182
371934,2024-10-25 11:05:23,60,78.2609
371378,2024-10-19 23:08:19,150,78.7879
371200,2024-10-18 02:46:28,85,75.0
370972,2024-10-16 01:26:17,360,100.0
370946,2024-10-15 14:18:40,200,79.0698
370930,2024-10-15 11:03:00,200,78.0488
370928,2024-10-15 09:50:56,80,75.0
370844,2024-10-14 01:42:52,130,75.0
370830,2024-10-13 23:31:22,36,66.6667
370784,2024-10-13 18:42:22,90,74.5455
370782,2024-10-13 18:31:23,300,81.25
370776,2024-10-13 14:01:21,300,81.25
370722,2024-10-12 17:40:20,200,100.0
370720,2024-10-12 17:33:19,100,60.0
370716,2024-10-12 16:57:24,150,93.2203
370714,2024-10-12 16:40:21,100,96.9697
370620,2024-10-11 15:02:41,100,100.0
370536,2024-10-11 00:22:10,240,100.0
370408,2024-10-09 14:32:30,200,89.7119
370300,2024-10-07 18:25:12,100,96.9697
369914,2024-09-29 23:37:23,33,69.0476
369836,2024-09-28 11:37:59,30,60.7843
369736,2024-09-26 15:59:30,150,81.7259
369702,2024-09-25 22:30:43,30,65.9091
369616,2024-09-23 10:39:11,17,55.7447
369498,2024-09-21 10:35:58,25,59.8131
369406,2024-09-18 12:28:20,35,58.3333
369320,2024-09-15 08:26:18,25,58.4416
369222,2024-09-12 08:37:01,22,65.0794
369122,2024-09-10 14:31:43,140,81.25
369120,2024-09-10 14:28:51,80,78.2609
369118,2024-09-10 14:22:10,60,68.1818
369056,2024-09-08 20:50:50,50,57.1429
368900,2024-09-06 10:14:37,80,55.0
368832,2024-09-05 09:36:17,20,60.0
368354,2024-08-24 23:20:29,5,57.2093
367994,2024-08-16 20:47:23,60,83.9538
367790,2024-08-12 01:30:38,300,85.7143
367774,2024-08-11 23:50:24,51,61.5385
367770,2024-08-11 22:51:54,60,83.3333
367634,2024-08-08 13:38:13,60,77.7778
367514,2024-08-04 14:48:50,20,60.0
367248,2024-07-28 17:00:12,20,55.1237
367154,2024-07-26 17:44:19,25,56.5217
367106,2024-07-25 19:19:28,3333,100.0
366986,2024-07-22 18:50:35,20,62.8319
366978,2024-07-22 18:23:20,20,69.9115
366958,2024-07-22 10:09:58,50,68.8312
366750,2024-07-18 20:35:30,300,93.3333
366738,2024-07-18 12:14:49,1000,100.0
366664,2024-07-17 10:07:19,2000,100.0
366368,2024-07-11 13:39:19,300,92.3077
366366,2024-07-11 13:01:43,300,93.3333
366180,2024-07-08 09:22:13,65,64.2857
365382,2024-06-25 08:14:52,80,75.2688
365348,2024-06-24 17:03:22,180,92.3077
365286,2024-06-22 17:49:42,140,60.8696
365238,2024-06-21 08:09:44,720,86.9565
365088,2024-06-19 20:51:08,93,56.7568
364714,2024-06-15 21:43:47,540,94.2308
364606,2024-06-14 17:28:51,20,57.6737
364498,2024-06-12 22:16:02,30,57.4074
364200,2024-06-09 22:05:12,20,62.6667
364062,2024-06-07 21:28:41,250,65.0
364054,2024-06-07 16:58:52,60,68.4211
363978,2024-06-06 18:09:28,100,58.4158
363852,2024-06-05 11:26:34,550,83.3333
363836,2024-06-05 10:17:33,100,58.4158
363738,2024-06-04 16:07:56,10,63.2
363668,2024-06-03 13:30:41,210,76.0
363666,2024-06-03 13:25:35,150,84.8101
363612,2024-06-02 21:34:20,140,72.4138
363542,2024-06-01 22:59:10,900,98.6842
362892,2024-05-25 09:08:05,160,68.0
362638,2024-05-23 11:56:57,140,72.4138
362552,2024-05-22 19:32:47,70,60.0
362540,2024-05-22 14:57:10,20,60.4444
362364,2024-05-21 07:53:04,90,89.4737
362362,2024-05-21 01:08:22,350,97.0339
362300,2024-05-20 21:29:19,60,58.3333
362298,2024-05-20 21:24:24,80,59.2593
362266,2024-05-20 14:09:40,18,55.2486
362230,2024-05-20 09:54:43,3600,74.8815
361822,2024-05-17 01:58:48,70,75.7576
361214,2024-05-12 19:41:56,80,83.3333
360788,2024-05-08 15:42:56,60,72.0
360764,2024-05-08 13:27:18,1000,91.6667
360666,2024-05-07 16:18:27,60,62.9032
360530,2024-05-06 13:19:49,32,63.0631
360456,2024-05-05 16:33:12,35,67.9245
360272,2024-05-02 22:41:24,20,57.971
360258,2024-05-02 21:32:50,100,57.732
360160,2024-04-30 21:37:46,144,72.6744
360116,2024-04-30 12:10:23,120,82.1429
360072,2024-04-30 09:06:33,70,87.5
360028,2024-04-29 21:08:55,290,91.7526
360022,2024-04-29 21:03:25,150,95.6522
359890,2024-04-28 20:37:24,180,70.5882
359826,2024-04-28 14:06:17,200,74.0741
359814,2024-04-28 13:34:23,15,57.4468
359804,2024-04-28 12:17:33,290,92.4731
359782,2024-04-27 22:23:34,80,79.3103
359668,2024-04-25 22:44:26,140,72.4138
359490,2024-04-23 22:50:22,140,66.6667
359454,2024-04-23 12:03:53,19,59.0909
359352,2024-04-21 23:26:06,30,66.6667
358880,2024-04-16 18:29:50,14,65.9091
358820,2024-04-16 10:07:57,35,76.9912
358770,2024-04-15 23:59:14,25,78.4483
358764,2024-04-15 23:16:03,30,74.2857
358706,2024-04-15 10:05:42,500,90.7216
358702,2024-04-15 08:57:26,38,68.0851
358606,2024-04-14 08:28:34,5,57.8182
358516,2024-04-12 23:46:15,500,89.6552
358410,2024-04-11 21:28:15,50,64.8649
358366,2024-04-11 15:51:43,50,69.1589
358350,2024-04-11 14:35:42,40,57.4074
357968,2024-04-08 22:06:45,10,59.375
357940,2024-04-08 14:02:57,25,61.4035
357848,2024-04-07 15:36:11,140,69.697
357680,2024-04-05 08:33:17,90,92.5926
357474,2024-04-02 17:40:08,60,69.2308
357332,2024-04-01 17:04:14,90,63.0435
357250,2024-03-31 20:06:19,300,90.9091
357226,2024-03-31 15:44:08,40,68.2635
357176,2024-03-31 02:32:55,40,66.6667
357100,2024-03-29 17:59:28,70,63.3333
357090,2024-03-29 15:51:23,50,59.322
356984,2024-03-28 13:42:41,60,66.6667
356974,2024-03-28 12:53:55,81,81.5789
356876,2024-03-27 22:40:56,300,89.9329
356834,2024-03-27 16:01:09,40,66.6667
356762,2024-03-26 21:29:55,300,91.6201
356646,2024-03-25 16:14:01,40,66.6667
356612,2024-03-25 09:19:32,110,66.6667
356588,2024-03-25 00:59:27,60,67.4419
356444,2024-03-24 15:02:42,90,76.0
356432,2024-03-24 14:16:01,30,60.0
356402,2024-03-24 11:31:38,60,70.8333
356210,2024-03-22 16:50:03,40,66.6667
356092,2024-03-21 02:53:22,25,72.5
356090,2024-03-21 02:33:38,25,73.7705
356068,2024-03-20 20:39:09,25,76.8293
355930,2024-03-19 17:16:22,250,94.9791
355772,2024-03-18 09:20:03,200,93.2584
355756,2024-03-18 08:50:10,8,57.9418
355460,2024-03-13 22:59:13,200,93.3333
355278,2024-03-11 12:39:53,8,56.129
355256,2024-03-11 02:38:52,55,69.0476
355210,2024-03-10 11:07:44,150,73.913
355136,2024-03-08 19:16:14,120,58.6957
355020,2024-03-07 16:20:13,70,70.9677
354742,2024-03-02 23:37:13,50,77.1429
354622,2024-03-01 14:10:29,30,61.6695
354536,2024-02-29 18:28:00,100,66.6667
354460,2024-02-28 21:30:25,50,58.8235
354104,2024-02-23 20:57:34,7,58.4184
353802,2024-02-21 10:37:17,360,89.0244
353786,2024-02-21 09:40:28,360,91.5663
353402,2024-02-17 13:50:35,90,74.477
353390,2024-02-17 09:23:28,30,64.4351
353386,2024-02-17 01:43:21,70,60.0
353348,2024-02-16 20:56:55,20,63.0
352986,2024-02-09 00:01:49,150,95.6522
352976,2024-02-08 23:35:04,200,93.75
352972,2024-02-08 22:35:10,40,64.2487
352418,2024-02-02 08:44:32,41,65.3061
352182,2024-01-30 19:34:52,70,86.3636
352094,2024-01-30 01:12:24,23,57.5
352036,2024-01-29 16:15:10,210,93.3333
351836,2024-01-26 22:22:35,150,84.8101
351572,2024-01-25 02:16:13,50,74.4681
351400,2024-01-23 14:28:20,100,61.8056
351242,2024-01-21 23:53:45,2000,100.0
350974,2024-01-20 16:30:35,2000,92.3077
350972,2024-01-20 16:07:45,2000,100.0
350640,2024-01-17 12:42:47,80,75.0
350638,2024-01-17 12:40:54,50,68.2927
350486,2024-01-16 14:33:24,17,59.3407
350356,2024-01-14 22:50:00,120,75.0
350338,2024-01-14 21:55:36,60,65.3409
350332,2024-01-14 21:33:34,70,64.0212
350308,2024-01-14 18:38:07,15,55.8887
350290,2024-01-14 17:16:20,30,66.6667
350236,2024-01-14 02:19:53,10,61.3394
350224,2024-01-13 21:45:20,80,79.3103
350142,2024-01-12 21:50:50,70,75.0
350134,2024-01-12 21:00:56,90,88.8889
350058,2024-01-11 23:24:21,200,92.5532
350006,2024-01-11 13:53:34,7,57.7778
349878,2024-01-09 19:46:46,30,56.25
349858,2024-01-09 15:30:26,10,59.2712
349680,2024-01-08 00:37:09,90,79.7546
349650,2024-01-07 18:32:56,20,68.4874
349558,2024-01-07 10:32:57,80,68.75
349326,2024-01-04 13:54:44,10,57.2075
349010,2024-01-02 14:14:27,50,68.8525
349000,2024-01-02 13:23:54,200,89.3333
348994,2024-01-02 12:48:03,24,59.2058
348954,2024-01-02 00:23:14,10,59.375
348882,2024-01-01 02:41:35,250,55.5556
348814,2023-12-31 15:10:46,33,64.1026
348784,2023-12-30 22:44:38,30,60.2564
348626,2023-12-28 23:01:17,200,91.358
348490,2023-12-27 16:07:16,90,68.8889
348306,2023-12-25 11:04:59,90,81.25
348184,2023-12-23 12:32:28,60,63.6364
348094,2023-12-21 22:00:32,130,78.7879
348076,2023-12-21 17:26:19,90,74.7899
348048,2023-12-21 13:23:20,65,74.6032
347980,2023-12-20 18:26:42,23,62.5
347978,2023-12-20 18:19:40,60,63.6364
347410,2023-12-18 13:27:15,65,77.7778
347312,2023-12-17 16:06:18,630,85.7143
347136,2023-12-16 10:28:10,450,66.6667
347106,2023-12-15 22:43:48,30,58.9041
346984,2023-12-14 23:22:27,90,80.0
346968,2023-12-14 22:30:28,20,60.1881
346910,2023-12-14 18:49:45,90,83.3333
346022,2023-12-09 13:00:22,30,65.2174
345990,2023-12-09 06:36:43,450,67.3077
345912,2023-12-08 16:15:49,90,80.0
345754,2023-12-07 22:32:07,80,64.2857
345742,2023-12-07 20:32:59,60,65.3846
345408,2023-12-07 15:36:30,200,89.2308
345398,2023-12-07 15:34:01,50,75.2809
345018,2023-12-06 13:24:53,60,75.0
344918,2023-12-06 01:51:45,100,57.5758
344636,2023-12-04 20:26:29,60,65.2174
344632,2023-12-04 20:19:33,70,68.4211
344608,2023-12-04 15:26:34,20,63.2075
344594,2023-12-04 13:03:44,60,78.5714
344232,2023-12-01 22:07:13,120,62.0
343994,2023-11-30 21:57:15,28,63.4921
343910,2023-11-30 11:17:15,10,57.0312
343800,2023-11-29 22:07:57,200,82.7586
343552,2023-11-29 00:10:05,9,66.6667
343542,2023-11-28 23:28:54,800,100.0
343512,2023-11-28 20:48:30,90,84.6154
343460,2023-11-28 15:19:14,200,91.1032
343364,2023-11-28 11:01:42,50,62.0553
343244,2023-11-28 01:37:28,200,85.2632
342920,2023-11-26 17:10:52,80,78.0822
342878,2023-11-26 13:54:22,8,100.0
342870,2023-11-26 13:11:59,90,70.2128
342862,2023-11-26 11:46:57,200,87.5
342858,2023-11-26 11:44:05,150,81.5385
342856,2023-11-26 11:07:10,200,91.5254
342780,2023-11-25 21:19:37,100,86.7925
342640,2023-11-24 21:48:03,40,76.9231
342588,2023-11-24 14:11:55,30,59.322
342194,2023-11-22 13:16:43,60,67.8261
341994,2023-11-21 17:10:31,120,84.6154
341986,2023-11-21 15:37:43,50,66.6667
341776,2023-11-20 18:21:02,90,71.7949
341772,2023-11-20 17:39:30,60,70.0
341590,2023-11-19 20:43:07,28,61.1111
341462,2023-11-19 03:01:33,90,85.9459
341316,2023-11-17 23:47:33,50,59.0164
341170,2023-11-17 01:47:52,20,68.254
341066,2023-11-16 13:52:51,90,81.6667
340860,2023-11-15 16:38:52,3,58.4416
340830,2023-11-15 14:57:24,60,68.3168
340802,2023-11-15 12:56:56,90,66.9291
340600,2023-11-14 10:55:31,60,77.4194
340520,2023-11-13 23:03:33,90,70.3297
340406,2023-11-13 10:46:25,250,94.9791
339902,2023-11-09 20:54:04,30,68.3544
339866,2023-11-09 16:35:48,200,91.3793
339274,2023-11-06 20:49:02,7,57.6923
339248,2023-11-06 16:59:51,300,93.5943
339212,2023-11-06 13:54:44,60,85.1852
339000,2023-11-04 20:56:53,360,96.3855
338778,2023-11-03 09:42:31,60,67.3611
338538,2023-11-01 14:00:57,90,64.2857
338428,2023-10-31 22:32:45,33,78.5714
338380,2023-10-31 13:54:27,33,70.7317
338288,2023-10-30 13:45:28,15,57.072
338284,2023-10-30 13:11:59,15,56.7164
338270,2023-10-30 11:39:24,20,61.4122
338218,2023-10-29 23:55:38,10,59.8485
338158,2023-10-29 15:22:20,77,80.0
336970,2023-10-19 17:28:00,300,57.6923
336780,2023-10-17 20:59:22,60,76.0417
336726,2023-10-17 15:27:28,67,84.0
336378,2023-10-15 19:58:49,60,85.1852
336286,2023-10-14 17:20:38,900,100.0
336272,2023-10-14 12:19:47,10,58.7127
336244,2023-10-14 09:36:24,60,74.0741
336116,2023-10-13 03:00:29,25,62.0
336068,2023-10-12 14:53:59,10,59.2982
336010,2023-10-12 09:33:58,70,63.3333
335744,2023-10-10 17:31:48,1000,98.6667
335736,2023-10-10 15:43:57,30,60.7843
335650,2023-10-10 00:08:57,50,68.8312
335480,2023-10-09 09:23:32,65,64.2857
335304,2023-10-07 11:37:29,67,75.8621
334364,2023-09-26 14:55:33,90,69.2308
334146,2023-09-23 19:17:35,90,75.0
333944,2023-09-21 13:01:52,30,68.5185
333846,2023-09-20 16:38:57,19,65.0943
333768,2023-09-20 07:51:21,35,64.8649
333570,2023-09-18 17:13:00,70,62.5
333536,2023-09-18 13:56:41,9,58.2418
333492,2023-09-18 09:27:33,9,62.8205
333390,2023-09-17 14:45:55,365,89.0625
333372,2023-09-17 06:32:14,99,75.0
333210,2023-09-15 11:28:12,7,56.5588
332990,2023-09-13 22:48:40,19,62.5
332954,2023-09-13 20:28:28,13,65.9091
332426,2023-09-10 12:38:22,30,55.0
331942,2023-09-06 12:57:49,50,70.2703
331756,2023-09-05 15:49:52,5,58.3333
331748,2023-09-05 15:17:20,99,70.5882
331744,2023-09-05 14:36:03,6,58.8517
331490,2023-09-04 06:37:44,90,65.3846
331478,2023-09-04 00:55:47,15,60.4396
330950,2023-08-31 21:51:19,15,60.0
330912,2023-08-31 17:10:34,60,65.2174
330896,2023-08-31 15:12:17,70,68.4211
330596,2023-08-30 08:02:03,8,60.5882
330558,2023-08-29 19:55:50,9,56.1086
330526,2023-08-29 14:56:37,10,55.1471
330182,2023-08-26 16:23:51,23,59.7222
330164,2023-08-26 12:31:56,100,81.8182
330058,2023-08-25 15:07:09,25,57.8947
330052,2023-08-25 13:36:36,10,60.2941
329906,2023-08-24 22:16:17,7,56.044
329868,2023-08-24 17:34:32,181,72.2222
329818,2023-08-24 14:25:02,25,68.6275
329672,2023-08-23 20:12:38,12,58.1818
329602,2023-08-23 09:32:03,80,60.0
329594,2023-08-23 08:55:39,80,65.9091
329540,2023-08-22 22:51:57,30,59.9526
329456,2023-08-22 18:46:29,170,56.3636
329418,2023-08-22 14:14:00,60,68.0
329388,2023-08-22 08:47:17,25,61.25
329250,2023-08-21 11:23:52,160,100.0
329248,2023-08-21 11:07:33,130,85.7143
329206,2023-08-21 01:22:06,180,57.2687
329178,2023-08-20 23:47:18,50,72.0
328968,2023-08-18 13:15:15,8,56.1983
328764,2023-08-17 12:07:30,10,55.1181
328556,2023-08-16 16:27:46,10,60.4651
328252,2023-08-14 20:29:27,55,63.9344
328230,2023-08-14 17:21:27,181,72.1311
328154,2023-08-13 16:21:35,50,63.1206
328148,2023-08-13 15:55:03,50,65.7143
328038,2023-08-12 08:37:22,50,72.0
327940,2023-08-11 17:19:35,400,72.9508
327892,2023-08-11 10:26:24,120,69.2308
327784,2023-08-10 21:41:33,8,58.1081
327694,2023-08-10 12:05:31,180,74.1667
327690,2023-08-10 11:35:46,240,72.4771
327536,2023-08-09 17:21:14,120,83.0189
327496,2023-08-09 11:13:11,180,69.3548
327490,2023-08-09 10:26:55,200,90.4762
327312,2023-08-08 10:44:18,120,92.3077
327304,2023-08-08 10:02:11,120,90.0498
326656,2023-08-03 18:27:35,120,91.3043
326374,2023-08-01 18:37:47,120,85.7143
326308,2023-08-01 14:26:17,70,74.4898
326272,2023-08-01 11:43:03,60,65.4867
326236,2023-08-01 08:01:42,80,62.2951
326218,2023-08-01 00:11:24,201,86.5385
326154,2023-07-31 17:24:01,60,81.6176
325948,2023-07-30 20:58:07,89,68.4932
325872,2023-07-30 13:21:39,180,83.5714
325834,2023-07-29 23:39:57,980,98.8095
325808,2023-07-29 21:21:09,60,81.0989
325612,2023-07-28 19:52:23,30,67.6471
325570,2023-07-28 16:38:36,70,74.4898
325384,2023-07-27 20:19:28,144,75.2475
325348,2023-07-27 15:47:17,80,77.2727
325272,2023-07-27 08:21:07,90,57.5
325190,2023-07-26 16:20:34,180,80.0
325186,2023-07-26 15:07:43,80,77.4648
325150,2023-07-26 12:21:02,100,81.8182
325028,2023-07-25 18:49:32,30,60.4651
325024,2023-07-25 18:19:36,180,88.0
324904,2023-07-25 03:32:22,200,94.1176
324758,2023-07-24 09:05:10,55,65.8683
324658,2023-07-23 13:59:28,60,61.4035
324608,2023-07-23 10:14:22,30,71.2766
324598,2023-07-23 05:40:42,36,66.6667
324464,2023-07-22 09:00:22,200,89.2473
324448,2023-07-22 01:32:11,7,56.044
323980,2023-07-19 16:58:38,50,68.9873
323974,2023-07-19 16:19:23,90,87.0098
323822,2023-07-18 17:52:38,300,90.3226
323820,2023-07-18 17:35:47,233,68.75
323766,2023-07-18 14:11:19,13,57.1992
323674,2023-07-18 03:35:54,50,71.7949
323596,2023-07-17 19:44:13,900,98.3051
323572,2023-07-17 17:13:10,63,78.5714
323562,2023-07-17 16:26:18,50,68.3544
323410,2023-07-17 03:33:59,233,70.5263
323300,2023-07-16 12:04:17,100,84.375
323296,2023-07-16 12:02:23,100,80.9524
323276,2023-07-16 11:25:34,35,70.5882
323086,2023-07-14 20:01:20,30,70.5793
323050,2023-07-14 17:26:10,10,55.5556
322850,2023-07-13 09:26:08,180,60.0
322762,2023-07-12 14:43:22,1000,57.1429
322360,2023-07-10 00:54:13,120,66.6667
322248,2023-07-08 21:20:30,30,56.0345
322244,2023-07-08 21:13:32,30,57.2016
322162,2023-07-07 10:36:28,22,63.9344
322091,2023-07-06 16:08:30,60,67.4938
321570,2023-06-28 10:27:47,60,65.0794
321479,2023-06-26 21:08:52,30,73.913
321397,2023-06-24 19:09:47,90,85.9043
321396,2023-06-24 19:01:39,40,60.0
321373,2023-06-24 11:08:51,90,63.0435
321353,2023-06-23 16:57:04,90,64.9573
321104,2023-06-19 11:43:00,55,74.2857
321095,2023-06-19 08:56:34,35,55.7692
321087,2023-06-19 00:41:54,11,57.8035
321085,2023-06-19 00:34:22,21,66.0377
320964,2023-06-16 10:51:11,360,73.3333
320835,2023-06-14 15:18:43,8,56.6038
320749,2023-06-13 10:06:52,30,58.8235
320699,2023-06-12 22:23:35,89,82.3529
320672,2023-06-12 18:05:11,30,60.3659
320656,2023-06-12 14:22:40,22,65.0794
320637,2023-06-12 09:30:17,28,73.913
320558,2023-06-11 01:17:44,55,59.375
320550,2023-06-10 23:06:18,55,81.25
320483,2023-06-09 21:35:27,22,65.0794
320419,2023-06-09 08:11:18,30,60.0
320298,2023-06-08 09:51:34,200,89.5833
320268,2023-06-07 22:22:03,14,61.0294
320249,2023-06-07 16:07:44,55,70.3704
320206,2023-06-07 00:44:20,200,95.8333
320203,2023-06-07 00:21:34,210,92.0635
320127,2023-06-05 21:24:31,35,82.6087
320044,2023-06-04 19:48:51,60,71.0
319979,2023-06-04 00:09:03,15,57.7031
319978,2023-06-04 00:03:34,10,56.9106
319977,2023-06-03 23:41:32,20,56.8862
319842,2023-06-01 15:29:43,40,56.9149
319841,2023-06-01 14:53:29,40,55.6757
319610,2023-05-29 20:43:53,8,63.0435
319532,2023-05-29 02:22:03,51,67.6471
319419,2023-05-28 01:09:36,51,67.6471
319142,2023-05-22 22:28:20,250,100.0
319140,2023-05-22 22:19:34,60,71.4286
319136,2023-05-22 22:04:33,20,64.6154
319074,2023-05-21 22:35:01,90,77.7778
319042,2023-05-21 19:12:31,30,74.2857
318811,2023-05-18 23:09:00,34,61.5741
318351,2023-05-14 09:23:06,40,82.3529
318322,2023-05-13 19:27:56,90,83.3333
318052,2023-05-11 07:11:09,50,75.0
318037,2023-05-11 00:08:15,120,74.0
318007,2023-05-10 19:39:14,90,57.4468
317845,2023-05-09 10:25:35,70,70.5882
317820,2023-05-09 05:14:08,90,65.0
317750,2023-05-08 17:56:13,30,64.2857
317746,2023-05-08 17:09:41,30,65.0138
317687,2023-05-08 08:10:49,9,55.8824
317619,2023-05-07 18:04:22,180,66.6667
317603,2023-05-07 16:10:58,20,58.0
317579,2023-05-07 13:33:20,90,93.75
317571,2023-05-07 12:24:57,360,75.0
317567,2023-05-07 10:55:59,50,69.5652
317566,2023-05-07 10:52:20,100,65.5172
317552,2023-05-07 01:48:38,150,82.1429
317550,2023-05-07 01:08:32,10,63.5071
317466,2023-05-05 22:56:47,30,60.7143
317416,2023-05-05 16:21:26,60,74.5098
317403,2023-05-05 11:00:48,25,66.6667
317327,2023-05-04 08:59:30,30,58.0
317312,2023-05-04 01:06:56,120,75.9259
317284,2023-05-03 19:40:38,600,55.5556
317283,2023-05-03 19:23:13,250,68.3761
317244,2023-05-02 18:38:24,50,57.3333
317164,2023-04-30 21:17:33,20,61.0
317159,2023-04-30 16:46:27,60,58.6957
317154,2023-04-30 16:25:55,250,86.8243
317141,2023-04-30 12:18:37,35,81.4815
317062,2023-04-29 16:09:13,30,70.8571
317049,2023-04-29 11:02:07,20,75.1773
317046,2023-04-29 10:30:17,15,71.6981
316996,2023-04-28 18:00:37,100,70.5742
316995,2023-04-28 16:19:00,20,73.125
316992,2023-04-28 15:56:33,20,75.1773
316697,2023-04-24 23:17:40,30,72.093
316560,2023-04-23 13:14:33,22,65.0794
316539,2023-04-23 08:42:58,22,65.0794
316337,2023-04-20 13:05:42,50,72.973
316332,2023-04-20 11:24:41,150,91.8919
316273,2023-04-19 18:17:48,140,64.2857
316245,2023-04-19 14:48:48,100,86.3636
316231,2023-04-19 12:21:37,150,81.0811
316213,2023-04-19 09:28:24,100,78.0488
316212,2023-04-19 09:23:28,20,68.75
316211,2023-04-19 09:18:46,100,73.8095
316118,2023-04-18 17:04:44,100,75.0
316117,2023-04-18 16:57:21,60,58.6957
316104,2023-04-18 15:51:38,60,64.8855
316090,2023-04-18 13:12:54,23,61.9377
316089,2023-04-18 13:11:11,23,64.5833
315985,2023-04-17 15:29:59,60,80.292
315936,2023-04-17 00:01:49,20,68.6567
315867,2023-04-16 11:03:34,150,83.3333
315733,2023-04-15 13:56:00,25,60.7143
315603,2023-04-14 14:28:52,20,61.3333
315602,2023-04-14 14:24:39,20,56.338
315429,2023-04-12 01:04:34,200,81.8182
315386,2023-04-11 15:15:13,70,61.5385
315315,2023-04-10 16:17:55,70,62.1212
315311,2023-04-10 15:49:23,50,64.4444
315219,2023-04-09 11:29:41,40,70.2703
315071,2023-04-07 10:36:34,300,93.8776
314926,2023-04-05 22:20:52,60,63.4921
314891,2023-04-05 15:23:47,50,64.8936
314876,2023-04-05 09:23:04,60,64.7059
314783,2023-04-03 20:03:52,30,64.2857
314671,2023-04-02 17:45:39,20,55.8824
314624,2023-04-01 14:29:40,30,65.2893
314588,2023-03-31 17:20:57,50,69.2308
314584,2023-03-31 16:42:42,100,80.9524
314529,2023-03-30 22:17:57,55,79.1667
314526,2023-03-30 21:36:32,18,55.8621
314461,2023-03-30 03:02:18,30,65.7784
314460,2023-03-30 02:15:08,30,60.1831
314422,2023-03-29 11:39:54,60,77.7778
314356,2023-03-28 14:20:13,49,63.6364
314301,2023-03-27 19:24:22,20,57.1429
314192,2023-03-24 15:54:53,100,84.375
314153,2023-03-23 21:03:50,50,72.0
314149,2023-03-23 17:26:01,25,56.6667
314116,2023-03-22 23:18:29,20,56.5574
314109,2023-03-22 20:03:43,23,58.0645
314085,2023-03-22 09:44:35,60,69.2308
314052,2023-03-21 11:59:56,74,67.8445
314051,2023-03-21 11:59:13,74,78.8235
313947,2023-03-18 18:47:46,95,85.0
313850,2023-03-16 13:31:01,15,62.963
313835,2023-03-16 00:28:10,50,68.75
313760,2023-03-14 12:49:07,60,67.5676
313747,2023-03-13 23:47:14,480,66.8224
313728,2023-03-13 14:03:09,15,66.6667
313723,2023-03-13 13:22:57,21,70.4225
313641,2023-03-11 18:59:13,980,98.8095
313638,2023-03-11 18:51:06,980,98.8889
313622,2023-03-10 19:55:49,60,77.1605
313614,2023-03-10 14:30:17,29,69.0476
313597,2023-03-09 21:52:43,48,62.6506
313585,2023-03-09 16:26:40,11,62.4
313551,2023-03-09 08:52:06,10,71.0456
313483,2023-03-08 12:28:10,9,57.2368
313473,2023-03-08 10:09:47,50,72.0
313462,2023-03-07 23:17:58,89,71.0526
313313,2023-03-05 16:30:17,90,84.3137
313244,2023-03-04 16:56:24,60,90.7407
313086,2023-03-02 15:21:18,40,64.8649
312998,2023-02-28 12:47:03,10,60.6557
312973,2023-02-27 22:43:07,15,58.2555
312914,2023-02-26 17:54:39,60,73.2673
312913,2023-02-26 17:47:28,55,69.6078
312841,2023-02-24 19:06:19,20,58.1633
312810,2023-02-24 10:34:21,10,57.1429
312791,2023-02-24 00:33:37,30,62.3656
312742,2023-02-22 18:35:16,65,75.0
312657,2023-02-21 00:25:27,8,56.3636
312555,2023-02-18 23:12:01,20,61.1111
312354,2023-02-15 21:40:02,60,69.2308
312281,2023-02-14 18:24:06,7,57.1839
312250,2023-02-14 12:04:38,100,83.9286
312245,2023-02-14 11:33:22,60,73.913
312182,2023-02-13 18:34:38,70,60.0
311973,2023-02-10 13:07:41,30,65.2174
311948,2023-02-10 03:13:00,59,60.2888
311821,2023-02-07 20:49:43,188,85.7143
311788,2023-02-07 11:07:32,200,82.2222
311762,2023-02-06 22:33:30,60,71.4286
311754,2023-02-06 20:19:25,100,86.7925
311709,2023-02-06 09:21:46,11,56.0
311592,2023-02-03 19:00:11,50,72.0
311546,2023-02-03 01:26:35,80,69.2308
311532,2023-02-02 21:17:42,48,67.7419
311503,2023-02-02 13:42:09,34,61.5741
311487,2023-02-02 10:10:46,60,70.3704
311452,2023-02-01 13:46:49,30,61.6162
311434,2023-02-01 09:07:01,50,58.8235
311374,2023-01-30 22:54:06,100,67.8571
311297,2023-01-29 15:40:29,50,72.0
311132,2023-01-23 00:26:54,30,58.396
310995,2023-01-18 22:20:46,74,66.1417
310984,2023-01-18 16:48:09,59,63.8889
310980,2023-01-18 14:21:19,50,72.0
310918,2023-01-17 00:39:58,50,71.7949
310905,2023-01-16 21:32:15,60,61.9718
310834,2023-01-15 18:26:29,18,64.3678
310833,2023-01-15 18:21:36,18,63.0435
310807,2023-01-14 22:49:40,30,71.6981
310774,2023-01-14 03:00:18,30,65.5738
310767,2023-01-13 23:02:33,30,63.5135
310737,2023-01-13 12:01:06,11,64.1791
310705,2023-01-12 22:17:33,90,70.3704
310513,2023-01-09 13:36:31,30,65.0
310483,2023-01-08 23:20:12,60,66.6667
310267,2023-01-05 07:24:58,90,85.7143
310266,2023-01-05 07:22:36,75,77.3585
310024,2022-12-30 08:31:35,20,65.9686
309987,2022-12-29 09:17:43,55,63.3588
309979,2022-12-28 21:51:43,80,70.5882
309912,2022-12-26 15:08:52,9,60.5442
309911,2022-12-26 15:07:24,14,61.8182
309866,2022-12-24 20:50:24,55,75.0
309830,2022-12-23 23:43:05,50,61.9632
309826,2022-12-23 21:50:05,70,86.3636
309824,2022-12-23 21:30:15,6,57.5419
309823,2022-12-23 20:43:30,55,75.0
309734,2022-12-22 20:17:13,14,59.0909
309704,2022-12-21 18:49:31,9,56.338
309508,2022-12-16 14:40:59,72,64.3836
309429,2022-12-15 12:15:08,50,66.6667
309361,2022-12-14 21:19:16,30,73.1707
309352,2022-12-14 19:59:46,12,58.1818
309341,2022-12-14 16:49:54,9,55.8824
309285,2022-12-13 23:01:16,21,68.3333
309247,2022-12-13 14:29:12,60,57.7689
309122,2022-12-10 19:02:12,10,62.6984
309068,2022-12-09 17:08:18,24,61.0329
308845,2022-12-06 18:07:41,70,70.5263
308843,2022-12-06 17:42:58,60,63.9706
308469,2022-11-30 11:53:11,100,80.9524
308344,2022-11-27 11:20:14,60,78.2609
308226,2022-11-24 23:52:31,80,85.1852
308130,2022-11-23 17:07:37,200,81.8182
307876,2022-11-18 11:53:37,200,81.3559
307787,2022-11-17 12:35:46,190,95.8333
307460,2022-11-13 12:59:00,8,56.3636
307309,2022-11-10 18:33:04,30,67.6275
307219,2022-11-09 00:38:29,10,57.6305
306981,2022-11-05 21:57:38,60,69.2308
306945,2022-11-05 00:24:57,100,80.9524
306814,2022-11-02 17:26:39,33,61.7021
306588,2022-10-28 11:32:30,70,60.0
306498,2022-10-25 21:30:09,11,55.0
306359,2022-10-23 22:40:33,160,65.3179
306288,2022-10-22 21:41:32,40,63.6364
306005,2022-10-17 15:58:52,30,55.3846
305849,2022-10-13 00:08:09,50,63.8889
305767,2022-10-11 10:58:21,29,62.7451
305608,2022-10-08 17:27:25,240,75.6757
305603,2022-10-08 16:55:14,120,67.8161
305563,2022-10-07 18:26:40,120,86.9565
305559,2022-10-07 17:47:45,70,63.3333
305427,2022-10-02 23:59:17,90,92.8571
305362,2022-09-30 22:12:51,5,55.1867
304813,2022-09-17 22:52:53,9,59.375
304779,2022-09-17 11:45:20,60,58.3333
304643,2022-09-15 17:34:29,60,60.0
304588,2022-09-14 16:32:30,38,64.8148
304529,2022-09-13 22:30:52,70,63.3333
304161,2022-09-07 10:02:49,15,60.0
304148,2022-09-07 01:07:52,25,66.1342
303739,2022-08-31 09:06:57,38,65.7407
303652,2022-08-29 14:52:51,12,59.292
303369,2022-08-25 01:54:55,144,74.6032
303331,2022-08-24 15:44:53,20,55.0
303314,2022-08-24 10:31:49,144,76.2712
303312,2022-08-24 10:28:57,233,64.0449
303278,2022-08-23 22:18:21,10,57.8431
303205,2022-08-22 21:44:34,60,61.8834
303154,2022-08-22 09:28:03,23,63.6364
303082,2022-08-21 00:57:43,21,64.7727
303038,2022-08-20 17:10:22,70,65.3846
303036,2022-08-20 17:02:08,70,65.3846
302892,2022-08-18 22:42:03,10,57.9365
302858,2022-08-18 15:55:31,80,69.4444
302823,2022-08-17 23:38:33,45,63.8889
302821,2022-08-17 23:10:49,30,60.7843
302818,2022-08-17 22:00:24,90,79.6296
302780,2022-08-17 12:27:06,110,75.0
302544,2022-08-14 00:15:05,10,58.0153
302524,2022-08-13 21:26:58,30,59.0909
302522,2022-08-13 21:20:25,9,56.0748
302484,2022-08-13 10:38:51,120,75.6757
302470,2022-08-12 22:17:32,90,72.9167
302346,2022-08-10 23:01:43,15,58.0247
302300,2022-08-09 23:31:54,9,55.8824
302118,2022-08-07 00:49:30,60,68.9655
302030,2022-08-05 15:22:02,300,93.8776
301987,2022-08-04 19:05:11,60,67.8571
301843,2022-08-01 18:56:40,90,66.6667
301650,2022-07-28 22:12:26,20,56.2743
301531,2022-07-27 09:46:26,14,60.0
301530,2022-07-27 09:44:27,14,61.2565
301526,2022-07-27 08:25:07,7,60.8696
301344,2022-07-24 16:06:18,180,71.4286
301331,2022-07-24 02:15:02,30,63.2653
301214,2022-07-22 09:42:05,23,61.5385
301098,2022-07-20 15:46:29,13,60.5263
301094,2022-07-20 15:31:22,15,67.4699
300699,2022-07-13 21:48:07,35,62.1622
300650,2022-07-12 23:59:32,39,65.625
300391,2022-07-10 10:27:01,30,56.5421
300347,2022-07-09 20:17:11,90,70.3448
300285,2022-07-08 21:55:08,20,63.2107
300210,2022-07-07 17:24:21,30,65.6566
299964,2022-07-05 09:37:33,90,70.3448
299946,2022-07-05 00:30:43,23,59.375
299857,2022-07-04 13:24:19,36,63.8889
299849,2022-07-04 11:40:35,60,76.9231
299834,2022-07-04 10:32:15,13,58.3333
299766,2022-07-03 15:39:39,11,62.4
299720,2022-07-02 21:40:16,15,56.1497
299609,2022-07-01 16:22:38,9,56.1644
299534,2022-06-30 22:42:16,9,55.4054
299473,2022-06-30 09:27:50,38,86.9565
299367,2022-06-29 08:43:07,17,57.6923
299277,2022-06-27 16:38:52,8,59.3939
299208,2022-06-26 17:11:50,16,59.3023
299200,2022-06-26 16:13:07,28,68.4211
299135,2022-06-24 18:13:06,28,63.6364
299123,2022-06-24 16:53:32,69,66.6667
299118,2022-06-24 16:14:57,69,77.7778
299116,2022-06-24 15:59:44,66,76.9231
299095,2022-06-24 12:05:35,28,67.7966
299093,2022-06-24 11:40:44,90,81.25
299039,2022-06-23 18:07:18,28,68.4211
298864,2022-06-21 13:02:41,30,62.0
298803,2022-06-20 20:26:53,30,71.6216
298742,2022-06-19 21:50:36,40,65.3333
298739,2022-06-19 21:41:05,36,67.8571
298735,2022-06-19 21:02:21,30,71.6216
298437,2022-06-16 20:02:47,60,68.6275
298330,2022-06-16 02:04:30,7,55.1546
298274,2022-06-15 15:28:52,60,75.0
297884,2022-06-10 19:15:35,30,57.4468
297568,2022-06-07 23:30:15,480,100.0
297521,2022-06-07 09:59:55,57,66.6667
297398,2022-06-05 20:11:16,60,89.2857
296835,2022-05-30 13:14:44,90,59.0909
296715,2022-05-28 23:13:03,60,63.6364
296713,2022-05-28 23:06:11,30,62.9213
295990,2022-05-20 21:11:21,14,60.0
295883,2022-05-19 20:08:57,60,77.7778
295794,2022-05-19 02:32:05,60,72.8
295776,2022-05-18 23:08:19,6,55.5556
295753,2022-05-18 20:12:48,20,68.75
295747,2022-05-18 19:43:00,65,84.7826
295552,2022-05-17 00:57:58,70,63.0872
295473,2022-05-16 16:47:36,15,55.8824
295420,2022-05-15 22:37:09,30,65.1163
295251,2022-05-14 18:29:49,78,58.8235
294972,2022-05-12 23:46:04,20,66.6667
294835,2022-05-11 21:30:20,25,69.1729
294724,2022-05-10 23:40:55,90,63.1579
294658,2022-05-10 10:30:22,60,71.6981
294449,2022-05-07 22:47:37,250,87.5
294364,2022-05-06 22:00:44,55,75.0
294359,2022-05-06 20:48:27,60,78.2609
294176,2022-05-03 23:56:22,70,63.3333
294104,2022-05-03 12:15:22,15,62.4339
293960,2022-05-01 16:13:24,120,75.5556
293649,2022-04-27 12:31:54,58,81.9672
293415,2022-04-24 00:51:00,25,67.8571
293342,2022-04-23 11:04:11,12,55.102
293300,2022-04-22 19:24:31,70,86.3636
293299,2022-04-22 19:08:56,25,67.8571
292758,2022-04-17 17:43:50,23,59.0164
292575,2022-04-14 22:47:51,9,55.8824
292413,2022-04-13 13:03:31,200,76.4706
292410,2022-04-13 12:39:09,60,65.9259
292394,2022-04-13 10:31:15,22,61.2705
292212,2022-04-12 01:15:38,14,59.6154
292140,2022-04-11 13:22:01,12,60.3448
292046,2022-04-10 21:37:10,38,65.7407
291847,2022-04-09 14:28:17,25,66.0
291685,2022-04-08 00:19:47,25,67.0157
291625,2022-04-07 15:07:55,60,73.0159
291610,2022-04-07 14:05:43,15,67.4699
291585,2022-04-07 00:07:11,30,64.5833
291512,2022-04-06 12:59:56,70,71.6667
291468,2022-04-05 20:35:56,30,61.4035
291322,2022-04-04 12:50:04,30,64.2105
291268,2022-04-03 22:10:20,30,87.1795
291208,2022-04-03 06:40:45,60,64.557
291053,2022-04-02 00:17:01,30,63.9344
291044,2022-04-01 21:33:51,20,60.274
291033,2022-04-01 20:02:44,23,63.285
290756,2022-03-30 03:29:45,60,69.1176
290682,2022-03-29 11:50:40,70,70.1754
290680,2022-03-29 11:02:12,80,81.3559
290647,2022-03-28 22:16:39,11,56.0
290645,2022-03-28 21:43:49,11,56.25
290643,2022-03-28 20:35:31,40,62.963
290632,2022-03-28 17:17:38,10,59.7122
290558,2022-03-27 20:57:13,15,59.8039
290474,2022-03-26 11:21:14,30,79.4118
290414,2022-03-25 14:52:27,80,70.0
290413,2022-03-25 14:50:34,110,70.4225
290390,2022-03-25 12:51:48,70,62.069
290389,2022-03-25 12:38:06,60,78.2609
290046,2022-03-21 17:27:09,30,56.25
290027,2022-03-21 11:09:24,63,56.6667
289974,2022-03-20 16:07:37,90,70.5882
289873,2022-03-18 21:14:08,200,82.9268
289812,2022-03-17 17:38:06,200,78.7234
289610,2022-03-14 23:51:51,42,83.3333
289606,2022-03-14 23:05:19,30,61.7021
289594,2022-03-14 16:55:34,50,66.6667
289573,2022-03-14 09:51:50,90,63.0435
289452,2022-03-12 20:27:29,50,57.1429
289385,2022-03-11 14:23:19,90,88.2353
289324,2022-03-10 14:54:34,90,93.1818
289278,2022-03-09 11:12:36,70,60.0
289248,2022-03-09 00:22:00,300,93.8776
289238,2022-03-08 20:45:30,21,65.1515
289224,2022-03-08 16:17:55,30,65.3061
289199,2022-03-08 10:07:19,30,69.2308
289198,2022-03-08 10:05:49,50,60.6061
289160,2022-03-07 17:36:47,90,57.4468
289088,2022-03-06 19:27:32,21,67.2131
289065,2022-03-06 12:29:56,35,57.6923
288908,2022-03-04 18:01:59,23,59.726
288905,2022-03-04 17:53:06,38,62.5468
288812,2022-03-03 21:23:51,20,70.2128
288421,2022-02-27 23:12:34,30,64.7059
288415,2022-02-27 22:29:03,25,63.964
288414,2022-02-27 22:27:35,60,80.7018
288159,2022-02-25 10:58:01,70,60.7143
288138,2022-02-24 23:16:18,17,57.5221
288136,2022-02-24 22:48:33,11,59.1837
287733,2022-02-19 13:53:03,10,59.375
287621,2022-02-17 20:10:41,14,59.0909
287614,2022-02-17 17:45:10,50,69.3215
287515,2022-02-16 15:09:12,30,63.8298
287425,2022-02-15 16:13:39,30,64.9485
287225,2022-02-14 21:46:54,60,81.1321
287048,2022-02-13 11:04:39,30,56.383
287007,2022-02-12 21:56:30,15,59.6899
286896,2022-02-12 00:43:48,8,56.3636
286880,2022-02-11 21:21:05,25,63.964
286848,2022-02-11 17:26:15,30,68.0412
286779,2022-02-10 19:30:07,30,62.0438
286755,2022-02-10 17:09:52,14,60.0
286726,2022-02-10 12:02:39,99999,66.5789
286716,2022-02-10 11:39:08,70,63.3333
286683,2022-02-09 20:40:02,100,70.4225
286654,2022-02-09 18:18:15,63,72.4138
286532,2022-02-08 17:55:05,30,63.7255
286115,2022-02-02 22:13:21,10,58.0153
286034,2022-01-30 17:12:42,63,70.8333
285865,2022-01-26 22:28:34,63,70.8333
285617,2022-01-24 01:30:44,60,62.7451
285581,2022-01-23 19:11:38,22,60.0
285516,2022-01-23 11:43:31,9,55.914
285407,2022-01-22 08:40:53,22,60.5839
285238,2022-01-19 23:45:36,70,67.5676
285020,2022-01-17 23:27:51,21,59.2308
285009,2022-01-17 21:01:28,8,57.377
284933,2022-01-16 15:55:37,333,100.0
284927,2022-01-16 12:09:38,13,55.7576
284775,2022-01-13 14:17:00,63,68.0
284670,2022-01-11 21:31:48,20,57.5342
284627,2022-01-11 11:16:02,65,66.6667
284581,2022-01-11 01:37:10,90,55.5556
284542,2022-01-10 21:07:29,75,77.2727
284218,2022-01-07 19:03:00,9,57.5269
284174,2022-01-07 00:46:28,30,58.4416
284162,2022-01-06 23:21:41,150,58.7719
284136,2022-01-06 20:28:01,30,56.7568
284135,2022-01-06 20:24:22,9,55.8824
284101,2022-01-06 14:08:58,95,68.75
284094,2022-01-06 12:17:57,300,90.9091
283882,2022-01-04 17:08:47,12,58.125
283850,2022-01-04 14:27:21,40,60.3448
283846,2022-01-04 14:21:47,20,57.037
283765,2022-01-03 23:41:42,150,59.8214
283593,2022-01-02 02:57:39,150,89.6104
283567,2022-01-01 18:40:53,30,59.4059
283470,2021-12-30 22:54:55,14,55.2448
283393,2021-12-30 11:26:59,74,72.2222
283221,2021-12-28 17:47:28,120,79.375
283218,2021-12-28 17:01:55,9,56.5217
283153,2021-12-27 23:59:55,90,59.0909
282720,2021-12-23 19:01:45,100,64.0
282697,2021-12-23 13:48:54,15,56.9656
282641,2021-12-22 23:27:48,20,58.2278
282600,2021-12-22 13:46:28,60,65.0794
282582,2021-12-22 09:45:49,3,57.6355
282512,2021-12-21 14:25:12,20,61.5385
282431,2021-12-20 19:24:16,22,60.5839
282428,2021-12-20 17:11:00,18,57.3333
282411,2021-12-20 12:03:38,20,57.037
282220,2021-12-18 00:39:14,40,66.6667
282203,2021-12-17 21:09:09,34,60.0
282118,2021-12-16 22:41:05,70,63.3333
281943,2021-12-15 21:21:57,60,69.2308
281780,2021-12-14 17:58:13,60,62.7049
281585,2021-12-12 11:15:09,70,63.3333
281534,2021-12-11 16:52:13,65,67.7419
281478,2021-12-10 14:49:02,30,73.2143
281357,2021-12-09 13:19:49,30,55.5556
281182,2021-12-07 14:10:13,70,60.0
280753,2021-12-02 14:56:59,60,65.5172
280404,2021-11-27 09:21:29,170,77.7778
280379,2021-11-26 19:35:56,60,75.2688
280304,2021-11-25 16:16:40,21,58.5714
279993,2021-11-21 10:57:45,30,62.3656
279707,2021-11-16 20:21:04,8,56.2827
279350,2021-11-11 19:55:09,8,58.75
279346,2021-11-11 18:58:50,30,65.0407
278965,2021-11-03 18:35:12,50,68.5185
278465,2021-10-26 11:26:26,80,77.7778
278078,2021-10-20 15:40:22,80,73.913
277161,2021-10-08 11:26:35,32,65.7895
277096,2021-10-07 12:22:11,25,70.0
277071,2021-10-06 22:02:34,25,67.0157
277003,2021-10-05 13:10:25,24,55.1471
276973,2021-10-05 09:54:00,29,58.4699
276807,2021-10-02 20:14:18,35,62.5
276685,2021-09-30 21:47:06,200,91.6667
276669,2021-09-30 16:42:52,70,60.7143
276292,2021-09-24 12:12:51,30,61.039
275995,2021-09-20 17:51:14,73,65.0
275984,2021-09-20 10:00:48,70,70.4225
275918,2021-09-19 12:56:30,20,57.3529
275873,2021-09-18 01:11:12,12,63.9344
275439,2021-09-11 19:03:50,30,55.5556
275385,2021-09-11 06:33:57,90,61.5385
275234,2021-09-08 22:17:53,70,63.3333
275194,2021-09-08 16:11:39,80,73.6842
275097,2021-09-07 15:34:47,120,69.4444
274947,2021-09-06 15:32:46,50,71.4286
274887,2021-09-06 08:46:47,30,55.5556
274871,2021-09-05 22:13:50,100,70.0
274867,2021-09-05 19:24:40,70,60.0
274838,2021-09-05 10:48:14,70,60.0
274645,2021-09-02 12:41:56,5,55.1867
274594,2021-09-01 18:42:10,200,73.5294
274559,2021-09-01 00:23:26,74,59.2593
274282,2021-08-26 17:10:56,40,64.0
274180,2021-08-25 09:37:30,35,65.7895
273689,2021-08-17 21:18:22,18,55.7143
273580,2021-08-15 19:31:10,39,57.8947
273505,2021-08-13 21:25:06,70,59.854
272943,2021-08-03 08:36:49,10,59.6639
272830,2021-07-30 22:25:49,80,55.5556
272804,2021-07-30 14:43:10,15,63.0
272649,2021-07-27 03:28:27,60,55.2632
272627,2021-07-26 19:39:42,55,65.625
272189,2021-07-17 00:51:26,356,71.4286
271691,2021-07-08 19:19:16,19,64.9123
271469,2021-07-06 11:06:54,40,68.5714
271330,2021-07-04 10:03:44,55,55.5556
271318,2021-07-03 22:03:39,28,65.3061
271299,2021-07-03 13:35:26,30,69.5726
271195,2021-07-01 19:39:32,70,76.087
271194,2021-07-01 19:27:38,70,73.1183
271192,2021-07-01 19:01:04,50,67.3367
271030,2021-06-29 14:41:47,22,62.0
270981,2021-06-28 23:58:35,76,70.2381
270969,2021-06-28 19:54:59,15,63.4146
270851,2021-06-26 20:16:37,250,57.1429
270807,2021-06-25 12:57:14,36,58.3333
270703,2021-06-23 16:05:19,300,64.2857
270493,2021-06-19 21:47:12,9,55.6522
270175,2021-06-14 15:39:17,180,88.2353
269850,2021-06-07 04:35:45,40,57.5
269388,2021-05-29 17:36:19,444,85.7143
269360,2021-05-29 13:31:32,73,80.0
269344,2021-05-28 22:32:31,30,62.3656
269058,2021-05-22 00:32:28,90,85.4701
269042,2021-05-21 17:21:45,60,58.0645
268876,2021-05-18 10:29:41,90,57.5
268762,2021-05-15 22:00:59,89,60.8696
268592,2021-05-12 23:21:10,73,55.0725
268571,2021-05-12 18:07:44,40,58.6207
268563,2021-05-12 13:42:23,15,62.9032
268461,2021-05-09 23:38:13,90,71.4286
268376,2021-05-07 00:46:28,80,65.0
268283,2021-05-03 22:39:49,70,60.0
268028,2021-04-28 17:36:30,90,76.1905
267972,2021-04-27 19:06:43,60,55.3191
267869,2021-04-25 20:46:33,70,62.8571
267614,2021-04-20 12:15:56,33,59.542
267076,2021-04-10 17:05:29,90,93.75
267031,2021-04-10 01:22:22,10,60.8333
266877,2021-04-07 14:12:47,60,71.7949
265738,2021-03-20 19:46:17,23,58.0645
265453,2021-03-16 21:56:03,180,67.0732
265346,2021-03-15 01:47:27,90,59.7403
265311,2021-03-14 17:14:15,23,58.0645
264282,2021-02-24 14:44:07,15,63.4146
263833,2021-02-17 09:54:33,73,80.5556
263792,2021-02-16 22:50:22,75,82.8571
263697,2021-02-12 13:20:22,400,94.7368
263517,2021-02-05 16:06:34,74,59.2593
263515,2021-02-05 15:59:42,60,65.2174
263004,2021-01-26 00:49:01,130,85.7143
262961,2021-01-25 12:42:43,72,75.0
262757,2021-01-19 16:05:18,8,55.6391
262512,2021-01-16 01:18:27,73,80.0
262318,2021-01-12 19:09:47,400,66.6667
262317,2021-01-12 18:42:25,90,67.8571
262229,2021-01-10 23:15:01,80,85.7143
262059,2021-01-08 11:34:26,50,56.5217
261768,2021-01-03 09:40:39,90,57.1429
261134,2020-12-23 10:03:10,36,58.3333
261046,2020-12-21 16:51:57,73,61.1111
260842,2020-12-17 21:58:26,36,58.3333
260812,2020-12-17 16:14:32,74,65.625
260802,2020-12-17 12:12:05,75,61.2903
260363,2020-12-08 09:14:27,75,66.0377
259949,2020-11-29 00:59:46,35,60.0
259934,2020-11-28 19:42:42,35,55.2632
259712,2020-11-24 10:37:13,180,58.0645
259486,2020-11-19 17:43:21,40,56.0976
259457,2020-11-19 13:30:48,40,56.0976
259389,2020-11-18 13:08:41,300,83.3333
259385,2020-11-18 11:22:42,300,87.5
259359,2020-11-17 23:33:25,15,60.4396
259348,2020-11-17 18:10:24,20,59.4595
258677,2020-10-29 18:15:18,74,57.8947
258607,2020-10-26 21:13:49,120,92.3077
258410,2020-10-21 16:56:42,74,69.4444
258229,2020-10-17 10:17:28,90,93.75
257901,2020-10-07 20:00:30,30,55.1282
257648,2020-09-27 14:04:19,90,77.2727
257453,2020-09-21 19:32:31,120,60.6061
257300,2020-09-16 17:25:16,36,58.3333
257116,2020-09-12 03:31:42,12,55.5556
256323,2020-08-23 19:06:55,74,72.2222
256029,2020-08-15 19:54:05,600,56.962
255727,2020-08-06 19:12:07,74,65.625
255638,2020-08-03 15:01:27,50,66.6667
255386,2020-07-29 13:51:34,60,69.3333
255004,2020-07-20 17:56:43,50,61.25
254858,2020-07-18 18:29:52,73,60.7843
254562,2020-07-13 16:22:29,90,61.4035
254218,2020-07-08 22:07:30,90,82.6087
254212,2020-07-08 21:02:38,74,78.3784
254204,2020-07-08 15:13:19,71,59.4595
254203,2020-07-08 15:03:13,71,59.4595
254174,2020-07-08 06:03:47,90,69.4444
254050,2020-07-05 13:03:49,90,92.8571
254003,2020-07-03 22:54:08,90,82.2222
254001,2020-07-03 21:17:45,74,68.75
253779,2020-06-27 21:36:12,40,67.5
253770,2020-06-27 17:12:51,74,65.625
253389,2020-06-16 22:51:50,80,82.8571
252814,2020-06-05 23:32:55,130,60.0
252402,2020-05-24 13:22:14,30,58.7302
252301,2020-05-23 01:30:48,30,58.7302
251553,2020-05-01 16:17:23,65,60.0
251352,2020-04-23 19:16:52,80,77.8976
251031,2020-04-12 23:29:08,75,63.3333
251007,2020-04-12 12:56:04,50,60.7843
250600,2020-04-02 17:22:58,90,83.4416
250556,2020-03-31 23:15:05,75,82.8571
250555,2020-03-31 23:12:38,76,81.8182
250076,2020-03-19 11:17:31,75,57.6923
249754,2020-03-12 18:04:39,45,61.2903
249718,2020-03-11 20:05:58,73,59.1837
249447,2020-03-07 02:04:37,74,65.625
249407,2020-03-06 00:24:00,60,58.3333
248652,2020-02-24 14:32:41,60,70.0
247816,2020-02-12 23:44:37,120,77.4194
247048,2020-02-01 01:12:28,30,55.1282
246544,2020-01-15 13:24:49,74,65.625
246431,2020-01-13 07:04:32,60,59.375
246166,2020-01-09 12:25:53,365,77.7778
244926,2019-12-14 15:58:15,60,69.0476
244857,2019-12-12 20:07:42,65,60.0
244505,2019-12-04 00:18:17,20,70.2128
243947,2019-11-19 11:24:41,73,55.0
243807,2019-11-16 22:22:02,60,56.6038
242973,2019-10-29 16:01:48,65,60.0
242696,2019-10-24 21:39:57,25,55.9701
242372,2019-10-19 14:28:21,35,62.7119
242029,2019-10-14 09:33:46,74,71.0145
240188,2019-09-11 12:47:25,150,67.8571
239749,2019-09-05 01:26:21,75,55.0
238851,2019-08-18 11:51:42,100,62.7907
238839,2019-08-18 08:52:07,74,65.625
238838,2019-08-18 08:13:59,74,64.5161
238415,2019-08-04 12:14:18,74,72.2222
237407,2019-07-07 16:39:09,50,62.2222
237309,2019-07-05 11:13:55,80,64.7059
235997,2019-06-10 01:11:59,75,61.1111
235976,2019-06-10 01:03:37,73,62.1622
235754,2019-06-04 13:13:15,53,55.1724
235612,2019-05-31 20:38:26,36,57.8947
235461,2019-05-27 23:56:13,73,58.0
235423,2019-05-27 11:48:19,7,56.0606
235338,2019-05-26 03:18:10,100,64.7059
235306,2019-05-25 08:46:03,45,68.1818
235092,2019-05-20 14:43:13,73,62.1622
235080,2019-05-20 11:06:31,74,72.973
235025,2019-05-19 03:36:40,95,75.0
234305,2019-05-02 12:35:38,15,59.5745
233615,2019-04-17 21:18:23,75,61.1111
233310,2019-04-12 11:18:28,73,72.2222
232229,2019-03-27 05:07:57,74,72.2222
232202,2019-03-26 10:09:07,30,58.4906
232126,2019-03-24 20:31:51,73,64.1026
231940,2019-03-20 07:33:09,600,87.5
